subDirectory_filePath,valence,arousal,expression
DiffusionEmotion_S_cropped/neutral/aksjlkjl_0.png,-0.1,0.1,0
DiffusionEmotion_S_cropped/neutral/aksndlkn_0.png,0,0,0
DiffusionEmotion_S_cropped/neutral/anavqmjd_0.png,-0.1,-0.1,0
DiffusionEmotion_S_cropped/neutral/aovjrrax_0.png,-0.2,-0.1,0
DiffusionEmotion_S_cropped/neutral/aptzlpuo_0.png,-0.1,-0.1,0
DiffusionEmotion_S_cropped/neutral/axelgnme_0.png,0,-0.1,0
DiffusionEmotion_S_cropped/neutral/aywskztb_0.png,0,0,0
DiffusionEmotion_S_cropped/neutral/balgskek_0.png,-0.1,-0.1,0
DiffusionEmotion_S_cropped/neutral/bbuwxuqm_0.png,0,0,0
DiffusionEmotion_S_cropped/neutral/bddhbpcn_0.png,0,-0.1,0
DiffusionEmotion_S_cropped/neutral/bdvxomgy_0.png,0,0,0
DiffusionEmotion_S_cropped/neutral/behynpaa_0.png,0,0,0
DiffusionEmotion_S_cropped/neutral/berwworh_0.png,-0.1,-0.1,0
DiffusionEmotion_S_cropped/neutral/bgasdkmy_0.png,0,0,0
DiffusionEmotion_S_cropped/neutral/bgylubjt_0.png,0,0,0
DiffusionEmotion_S_cropped/neutral/bgyosaes_0.png,0,0,0
DiffusionEmotion_S_cropped/neutral/bjjtiumb_0.png,-0.1,0,0
DiffusionEmotion_S_cropped/neutral/bljnviuo_0.png,0,0,0
DiffusionEmotion_S_cropped/neutral/bnvvubew_0.png,0,0,0
DiffusionEmotion_S_cropped/neutral/bpumwnjf_0.png,-0.2,-0.1,0
DiffusionEmotion_S_cropped/neutral/bwyrfppo_0.png,-0.1,0.2,0
DiffusionEmotion_S_cropped/neutral/bxzfbuml_0.png,0,0,0
DiffusionEmotion_S_cropped/neutral/bypytvsi_0.png,0,0,0
DiffusionEmotion_S_cropped/neutral/canuknmw_0.png,0,0.2,0
DiffusionEmotion_S_cropped/neutral/caryzxsf_0.png,0,0,0
DiffusionEmotion_S_cropped/neutral/cbiznkhq_0.png,0,0,0
DiffusionEmotion_S_cropped/neutral/cboverep_0.png,0,0,0
DiffusionEmotion_S_cropped/neutral/cbyonfwe_0.png,-0.1,0,0
DiffusionEmotion_S_cropped/neutral/ccmhzofw_0.png,0.1,0.1,0
DiffusionEmotion_S_cropped/neutral/cdjydsnd_0.png,0,-0.1,0
DiffusionEmotion_S_cropped/neutral/cfsfqygd_0.png,0,-0.1,0
DiffusionEmotion_S_cropped/neutral/chuefacu_0.png,-0.2,-0.1,0
DiffusionEmotion_S_cropped/neutral/cidxjhbm_0.png,0,0.2,0
DiffusionEmotion_S_cropped/neutral/ciggeafk_0.png,0,0,0
DiffusionEmotion_S_cropped/neutral/cnrjborx_0.png,0,0,0
DiffusionEmotion_S_cropped/neutral/comhblru_0.png,0,0,0
DiffusionEmotion_S_cropped/neutral/cvlwwwbq_0.png,0,0,0
DiffusionEmotion_S_cropped/neutral/cyowdqxk_0.png,-0.1,-0.1,0
DiffusionEmotion_S_cropped/neutral/dcondmli_0.png,0,0,0
DiffusionEmotion_S_cropped/neutral/dcucvrzp_0.png,0,0,0
DiffusionEmotion_S_cropped/neutral/dfihbufr_0.png,0,0,0
DiffusionEmotion_S_cropped/neutral/dgekzbfb_0.png,0,0,0
DiffusionEmotion_S_cropped/neutral/doaoiovv_0.png,0,0,0
DiffusionEmotion_S_cropped/neutral/dsarlarv_0.png,0,-0.1,0
DiffusionEmotion_S_cropped/neutral/duiywdfy_0.png,0,0,0
DiffusionEmotion_S_cropped/neutral/dvchmzaq_0.png,0,0,0
DiffusionEmotion_S_cropped/neutral/dyqfbdyq_0.png,0,0,0
DiffusionEmotion_S_cropped/neutral/dzpmcurw_0.png,0,0.1,0
DiffusionEmotion_S_cropped/neutral/ebmnxzgq_0.png,0,0,0
DiffusionEmotion_S_cropped/neutral/edsleblb_0.png,0,0,0
DiffusionEmotion_S_cropped/neutral/eljxxegl_0.png,0,0,0
DiffusionEmotion_S_cropped/neutral/elxpckqo_0.png,-0.1,0.2,0
DiffusionEmotion_S_cropped/neutral/emdagynn_0.png,0,0,0
DiffusionEmotion_S_cropped/neutral/enstpxcn_0.png,0,0,0
DiffusionEmotion_S_cropped/neutral/eoizyatr_0.png,0,0,0
DiffusionEmotion_S_cropped/neutral/ervzlnaf_0.png,0,0,0
DiffusionEmotion_S_cropped/neutral/euevborq_0.png,-0.2,-0.2,0
DiffusionEmotion_S_cropped/neutral/euwmmjxq_0.png,0,0,0
DiffusionEmotion_S_cropped/neutral/excmmiro_0.png,0,0,0
DiffusionEmotion_S_cropped/neutral/fctifazl_0.png,0,0.1,0
DiffusionEmotion_S_cropped/neutral/fdpqfzrl_0.png,0,-0.1,0
DiffusionEmotion_S_cropped/neutral/feaekqug_0.png,0,0,0
DiffusionEmotion_S_cropped/neutral/fjepkjbd_0.png,-0.1,-0.2,0
DiffusionEmotion_S_cropped/neutral/fkslnbca_0.png,-0.1,-0.1,0
DiffusionEmotion_S_cropped/neutral/fmvuximb_0.png,-0.1,-0.1,0
DiffusionEmotion_S_cropped/neutral/fptmvwwa_0.png,0,0,0
DiffusionEmotion_S_cropped/neutral/fpyfqxgu_0.png,-0.1,-0.1,0
DiffusionEmotion_S_cropped/neutral/fsvksity_0.png,-0.1,0,0
DiffusionEmotion_S_cropped/neutral/fulrkhnz_0.png,0,0,0
DiffusionEmotion_S_cropped/neutral/fuyzggmt_0.png,0,0,0
DiffusionEmotion_S_cropped/neutral/fvbjyjsx_0.png,0,-0.1,0
DiffusionEmotion_S_cropped/neutral/fvjbzbod_0.png,0,0,0
DiffusionEmotion_S_cropped/neutral/fvymrjpt_0.png,-0.1,0.1,0
DiffusionEmotion_S_cropped/neutral/gahdlbzb_0.png,0,0,0
DiffusionEmotion_S_cropped/neutral/gbzzmjut_0.png,0,0,0
DiffusionEmotion_S_cropped/neutral/gdilvpik_0.png,-0.1,-0.1,0
DiffusionEmotion_S_cropped/neutral/gehtzpkn_0.png,0,0,0
DiffusionEmotion_S_cropped/neutral/giprubya_0.png,0,0,0
DiffusionEmotion_S_cropped/neutral/glqfjain_0.png,0,0,0
DiffusionEmotion_S_cropped/neutral/gosarzqq_0.png,0,0,0
DiffusionEmotion_S_cropped/neutral/gpywhyli_0.png,0,0,0
DiffusionEmotion_S_cropped/neutral/gsnegzga_0.png,0,0,0
DiffusionEmotion_S_cropped/neutral/gsruqgmg_0.png,0,0,0
DiffusionEmotion_S_cropped/neutral/gtgorehv_0.png,-0.1,0,0
DiffusionEmotion_S_cropped/neutral/gvhueinj_0.png,0,0,0
DiffusionEmotion_S_cropped/neutral/hbujmzzg_0.png,0,0,0
DiffusionEmotion_S_cropped/neutral/hggpexdo_0.png,0,0,0
DiffusionEmotion_S_cropped/neutral/hglnnsex_0.png,-0.1,-0.1,0
DiffusionEmotion_S_cropped/neutral/hidxpofh_0.png,0,0,0
DiffusionEmotion_S_cropped/neutral/hjvdyaxp_0.png,0,0,0
DiffusionEmotion_S_cropped/neutral/hknjfevs_0.png,0,0,0
DiffusionEmotion_S_cropped/neutral/hlqozhlu_0.png,0,-0.1,0
DiffusionEmotion_S_cropped/neutral/hlycfzop_0.png,0,0,0
DiffusionEmotion_S_cropped/neutral/hmwpcoda_0.png,0,-0.1,0
DiffusionEmotion_S_cropped/neutral/hqynhpqp_0.png,0,0,0
DiffusionEmotion_S_cropped/neutral/hrbtgokg_0.png,0,0,0
DiffusionEmotion_S_cropped/neutral/hshkkwdp_0.png,-0.1,-0.1,0
DiffusionEmotion_S_cropped/neutral/hwupzyxr_0.png,0,-0.1,0
DiffusionEmotion_S_cropped/neutral/hxqjxcuz_0.png,0,0,0
DiffusionEmotion_S_cropped/neutral/icdgfsbl_0.png,0,0,0
DiffusionEmotion_S_cropped/neutral/idpalvew_0.png,0,0,0
DiffusionEmotion_S_cropped/neutral/igbqmkio_0.png,0,0,0
DiffusionEmotion_S_cropped/neutral/iicumzbe_0.png,0,0,0
DiffusionEmotion_S_cropped/neutral/iigfizam_0.png,0,0,0
DiffusionEmotion_S_cropped/neutral/ijezvbvp_0.png,-0.1,-0.1,0
DiffusionEmotion_S_cropped/neutral/ijflukat_0.png,0,0,0
DiffusionEmotion_S_cropped/neutral/iksvtcrs_0.png,0,0,0
DiffusionEmotion_S_cropped/neutral/inxrolry_0.png,0,0,0
DiffusionEmotion_S_cropped/neutral/ipemwghi_0.png,0,0,0
DiffusionEmotion_S_cropped/neutral/ipsimaqj_0.png,0,0,0
DiffusionEmotion_S_cropped/neutral/ipxceimq_0.png,0,0,0
DiffusionEmotion_S_cropped/neutral/ipyyjfnr_0.png,0,0,0
DiffusionEmotion_S_cropped/neutral/itkbqqhy_0.png,0,0,0
DiffusionEmotion_S_cropped/neutral/iumigizw_0.png,0,0,0
DiffusionEmotion_S_cropped/neutral/ixxyznfa_0.png,0,0,0
DiffusionEmotion_S_cropped/neutral/jafgjyst_0.png,0,0,0
DiffusionEmotion_S_cropped/neutral/jcqhmbxh_0.png,-0.1,-0.1,0
DiffusionEmotion_S_cropped/neutral/jdjavjyq_0.png,0,0,0
DiffusionEmotion_S_cropped/neutral/jekrdera_0.png,0.1,0,0
DiffusionEmotion_S_cropped/neutral/jidrxvme_0.png,0.1,0,0
DiffusionEmotion_S_cropped/neutral/jktkwolv_0.png,0,0,0
DiffusionEmotion_S_cropped/neutral/joumvqtq_0.png,0.1,0,0
DiffusionEmotion_S_cropped/neutral/jrrafjvr_0.png,0,0,0
DiffusionEmotion_S_cropped/neutral/jsmcdrlp_0.png,0.2,0,0
DiffusionEmotion_S_cropped/neutral/jsmsdueg_0.png,0,0,0
DiffusionEmotion_S_cropped/neutral/jukrascp_0.png,0,0,0
DiffusionEmotion_S_cropped/neutral/jvpipkkn_0.png,0,0,0
DiffusionEmotion_S_cropped/neutral/jvrwzheu_0.png,0,0,0
DiffusionEmotion_S_cropped/neutral/jxmjthry_0.png,-0.1,-0.1,0
DiffusionEmotion_S_cropped/neutral/jyntqwnu_0.png,0,0,0
DiffusionEmotion_S_cropped/neutral/jzcwmybj_0.png,0,0.2,0
DiffusionEmotion_S_cropped/neutral/kctyjnwl_0.png,0,0.1,0
DiffusionEmotion_S_cropped/neutral/kdetozvj_0.png,0,0,0
DiffusionEmotion_S_cropped/neutral/kdraatjf_0.png,0,0.1,0
DiffusionEmotion_S_cropped/neutral/khesqqmc_0.png,0,0,0
DiffusionEmotion_S_cropped/neutral/kinbdvaf_0.png,0,0,0
DiffusionEmotion_S_cropped/neutral/kivcsxie_0.png,0,0,0
DiffusionEmotion_S_cropped/neutral/kldniftj_0.png,0.1,0.1,0
DiffusionEmotion_S_cropped/neutral/klkppiat_0.png,-0.1,0,0
DiffusionEmotion_S_cropped/neutral/knponebk_0.png,0,-0.1,0
DiffusionEmotion_S_cropped/neutral/krsrdnnb_0.png,0,0,0
DiffusionEmotion_S_cropped/neutral/kuclvygi_0.png,0,0,0
DiffusionEmotion_S_cropped/neutral/kvxqsubr_0.png,0,0,0
DiffusionEmotion_S_cropped/neutral/kwblojky_-.png,0,0,0
DiffusionEmotion_S_cropped/neutral/kwwydroc_0.png,-0.1,0,0
DiffusionEmotion_S_cropped/neutral/kyutpdsv_0.png,-0.1,0,0
DiffusionEmotion_S_cropped/neutral/kzlstgls_0.png,0.1,0,0
DiffusionEmotion_S_cropped/neutral/lawdmjja_0.png,-0.1,0.1,0
DiffusionEmotion_S_cropped/neutral/lbhbsmfi_0.png,0,0,0
DiffusionEmotion_S_cropped/neutral/lglfhymi_0.png,0,0.2,0
DiffusionEmotion_S_cropped/neutral/ljhvzcvz_0.png,0,0,0
DiffusionEmotion_S_cropped/neutral/lmbunimo_0.png,0,-0.1,0
DiffusionEmotion_S_cropped/neutral/lonrqxvn_0.png,0,0,0
DiffusionEmotion_S_cropped/neutral/lqasvcsg_0.png,-0.1,-0.1,0
DiffusionEmotion_S_cropped/neutral/lqrhtccx_0.png,0,0,0
DiffusionEmotion_S_cropped/neutral/lrraplck_0.png,-0.2,0,0
DiffusionEmotion_S_cropped/neutral/lsccpyve_0.png,0,0,0
DiffusionEmotion_S_cropped/neutral/ltqjxuax_0.png,0,0,0
DiffusionEmotion_S_cropped/neutral/lubzatpy_0.png,0,0,0
DiffusionEmotion_S_cropped/neutral/lvlbnbrq_0.png,0,0,0
DiffusionEmotion_S_cropped/neutral/lvwejyyx_0.png,0.1,0,0
DiffusionEmotion_S_cropped/neutral/mbtqztjx_0.png,-0.1,0,0
DiffusionEmotion_S_cropped/neutral/meoltjsh_0.png,-0.2,0.3,0
DiffusionEmotion_S_cropped/neutral/mfpfxdey_0.png,0,0,0
DiffusionEmotion_S_cropped/neutral/mgpwrttn_0.png,0,0,0
DiffusionEmotion_S_cropped/neutral/mioyjotj_0.png,0,0,0
DiffusionEmotion_S_cropped/neutral/mjrssggv_0.png,0,0,0
DiffusionEmotion_S_cropped/neutral/mkeqeytd_0.png,-0.2,0.2,0
DiffusionEmotion_S_cropped/neutral/mlmckrnm_0.png,0,0,0
DiffusionEmotion_S_cropped/neutral/mlrruvay_0.png,0.1,0,0
DiffusionEmotion_S_cropped/neutral/mmkgsatg_0.png,-0.2,0,0
DiffusionEmotion_S_cropped/neutral/mnfivaje_0.png,-0.1,0,0
DiffusionEmotion_S_cropped/neutral/mpoviomq_0.png,0,0,0
DiffusionEmotion_S_cropped/neutral/mqmkjzrl_0.png,0,0.2,0
DiffusionEmotion_S_cropped/neutral/mrjjfuso_0.png,0,0.1,0
DiffusionEmotion_S_cropped/neutral/mrjkhjoc_0.png,-0.1,0.1,0
DiffusionEmotion_S_cropped/neutral/mskymrjf_0.png,-0.1,0,0
DiffusionEmotion_S_cropped/neutral/msmvwsfs_0.png,0,0,0
DiffusionEmotion_S_cropped/neutral/mwtkeyoa_0.png,0,0,0
DiffusionEmotion_S_cropped/neutral/mxagfwow_0.png,0,0,0
DiffusionEmotion_S_cropped/neutral/mxiibvhx_0.png,0,0,0
DiffusionEmotion_S_cropped/neutral/naciiwbl_0.png,0,0,0
DiffusionEmotion_S_cropped/neutral/nalamqdm_0.png,-0.1,0,0
DiffusionEmotion_S_cropped/neutral/naztoojr_0.png,0,0,0
DiffusionEmotion_S_cropped/neutral/nbaubyqo_0.png,-0.1,0,0
DiffusionEmotion_S_cropped/neutral/ncvnlbef_0.png,0,0,0
DiffusionEmotion_S_cropped/neutral/ncxttgei_0.png,0,0.1,0
DiffusionEmotion_S_cropped/neutral/nfayjyzk_0.png,0,0.1,0
DiffusionEmotion_S_cropped/neutral/ngylyuyo_0.png,0,0,0
DiffusionEmotion_S_cropped/neutral/nhhpggov_0.png,-0.1,0,0
DiffusionEmotion_S_cropped/neutral/nhxxgirt_0.png,0,0,0
DiffusionEmotion_S_cropped/neutral/nkdjcjsx_0.png,0,0,0
DiffusionEmotion_S_cropped/neutral/nkdnnndl_0.png,0,0,0
DiffusionEmotion_S_cropped/neutral/nlsgcvrv_0.png,0,0,0
DiffusionEmotion_S_cropped/neutral/nofphkup_0.png,0,0.1,0
DiffusionEmotion_S_cropped/neutral/nofqgnvh_0.png,0,0.1,0
DiffusionEmotion_S_cropped/neutral/nprtteli_0.png,0,0,0
DiffusionEmotion_S_cropped/neutral/nqnglvyz_0.png,0,0,0
DiffusionEmotion_S_cropped/neutral/nqpkppoj_0.png,0,0,0
DiffusionEmotion_S_cropped/neutral/nszpkbgw_0.png,-0.2,0.2,0
DiffusionEmotion_S_cropped/neutral/ntrnuvdf_0.png,0.1,0,0
DiffusionEmotion_S_cropped/neutral/nuvobtvv_0.png,0.1,0.2,0
DiffusionEmotion_S_cropped/neutral/nyibhtiv_0.png,0,0,0
DiffusionEmotion_S_cropped/neutral/ochviknh_0.png,0,0,0
DiffusionEmotion_S_cropped/neutral/ocvuazin_0.png,-0.1,-0.2,0
DiffusionEmotion_S_cropped/neutral/oepfptsx_0.png,0,0,0
DiffusionEmotion_S_cropped/neutral/ofqndssl_0.png,0,0.2,0
DiffusionEmotion_S_cropped/neutral/oijokhas_0.png,0,0.3,0
DiffusionEmotion_S_cropped/neutral/okowjlvz_0.png,0.1,0,0
DiffusionEmotion_S_cropped/neutral/olzfmslp_0.png,0,0.1,0
DiffusionEmotion_S_cropped/neutral/opidyblo_0.png,0,0,0
DiffusionEmotion_S_cropped/neutral/opwljlyi_0.png,-0.1,0,0
DiffusionEmotion_S_cropped/neutral/osrgunnx_0.png,0,0,0
DiffusionEmotion_S_cropped/neutral/ovfgwkzg_0.png,0,0,0
DiffusionEmotion_S_cropped/neutral/oxqbwrzi_0.png,-0.1,0,0
DiffusionEmotion_S_cropped/neutral/oyhvljra_0.png,0,0,0
DiffusionEmotion_S_cropped/neutral/oyzrnbwo_0.png,0,0,0
DiffusionEmotion_S_cropped/neutral/paskcteo_0.png,0,0.2,0
DiffusionEmotion_S_cropped/neutral/pbykxkpb_0.png,0,0,0
DiffusionEmotion_S_cropped/neutral/pegzapht_0.png,0,0,0
DiffusionEmotion_S_cropped/neutral/pfbaejrq_0.png,0,0,0
DiffusionEmotion_S_cropped/neutral/pgupnfcu_0.png,0,0,0
DiffusionEmotion_S_cropped/neutral/pkpsgzyr_0.png,0.1,0,0
DiffusionEmotion_S_cropped/neutral/pmfornlb_0.png,0.1,0,0
DiffusionEmotion_S_cropped/neutral/pmvcgpgl_0.png,-0.1,0,0
DiffusionEmotion_S_cropped/neutral/prjxjagz_0.png,-0.1,0,0
DiffusionEmotion_S_cropped/neutral/puwkkvqb_0.png,0,0,0
DiffusionEmotion_S_cropped/neutral/pwiahnnv_0.png,-0.1,0,0
DiffusionEmotion_S_cropped/neutral/pxtqonwl_0.png,0,-0.1,0
DiffusionEmotion_S_cropped/neutral/pxurnsww_0.png,0,0,0
DiffusionEmotion_S_cropped/neutral/qcxqhpry_0.png,0,0,0
DiffusionEmotion_S_cropped/neutral/qdqrygpm_0.png,0,-0.1,0
DiffusionEmotion_S_cropped/neutral/qgzbfdsa_0.png,0,0.2,0
DiffusionEmotion_S_cropped/neutral/qhwpwkjn_0.png,0,0,0
DiffusionEmotion_S_cropped/neutral/qjvebhsr_0.png,-0.3,0.3,6
DiffusionEmotion_S_cropped/neutral/qksknmnz_0.png,0,0,0
DiffusionEmotion_S_cropped/neutral/qoipkjlk_0.png,0,0,0
DiffusionEmotion_S_cropped/neutral/qqqqqqqq_0.png,0,-0.1,0
DiffusionEmotion_S_cropped/neutral/qqzwwvyd_0.png,0,-0.1,0
DiffusionEmotion_S_cropped/neutral/qsdflknl_0.png,0,0,0
DiffusionEmotion_S_cropped/neutral/qsdfsasd_0.png,0,0.2,0
DiffusionEmotion_S_cropped/neutral/qsglksei_0.png,0,0,0
DiffusionEmotion_S_cropped/neutral/qsnmthak_0.png,0,0,0
DiffusionEmotion_S_cropped/neutral/qssmmznc_0.png,0,0,0
DiffusionEmotion_S_cropped/neutral/qxeaamth_0.png,0,0.2,0
DiffusionEmotion_S_cropped/neutral/rbyjehvs_0.png,0,0,0
DiffusionEmotion_S_cropped/neutral/rcijcnhs_0.png,0,0.1,0
DiffusionEmotion_S_cropped/neutral/rcxytrff_0.png,-0.2,0,0
DiffusionEmotion_S_cropped/neutral/rfdhplyv_0.png,0,0,0
DiffusionEmotion_S_cropped/neutral/risilmgv_0.png,-0.1,0,0
DiffusionEmotion_S_cropped/neutral/rlbjlblu_0.png,-0.1,0,0
DiffusionEmotion_S_cropped/neutral/rmlarwhs_0.png,0,0,0
DiffusionEmotion_S_cropped/neutral/rnzealtx_0.png,-1,0,0
DiffusionEmotion_S_cropped/neutral/rsdnfhpj_0.png,0.3,0.1,0
DiffusionEmotion_S_cropped/neutral/rxpdjpuz_0.png,-0.2,0.1,0
DiffusionEmotion_S_cropped/neutral/ryozcbcz_0.png,-0.1,0,0
DiffusionEmotion_S_cropped/neutral/sbxgrgoi_0.png,0.3,0.1,0
DiffusionEmotion_S_cropped/neutral/sfewmjdf_0.png,-0.1,0,0
DiffusionEmotion_S_cropped/neutral/sfzbmfsr_0.png,0,0.2,0
DiffusionEmotion_S_cropped/neutral/sgomrftl_0.png,0.1,0,0
DiffusionEmotion_S_cropped/neutral/sidjmqkc_0.png,0,0,0
DiffusionEmotion_S_cropped/neutral/skdjebnd_0.png,-0.1,0.3,0
DiffusionEmotion_S_cropped/neutral/sphlatha_0.png,-0.2,-0.1,0
DiffusionEmotion_S_cropped/neutral/sqtjhgdj_0.png,0.1,0,0
DiffusionEmotion_S_cropped/neutral/svfibvvx_0.png,0.2,0,0
DiffusionEmotion_S_cropped/neutral/sybukdwk_0.png,-0.1,-0.1,0
DiffusionEmotion_S_cropped/neutral/tajazgac_0.png,-0.1,0.1,0
DiffusionEmotion_S_cropped/neutral/tkmafwig_0.png,-0.3,0.3,0
DiffusionEmotion_S_cropped/neutral/tmndrxsk_0.png,0,0.2,0
DiffusionEmotion_S_cropped/neutral/trtpvpbm_0.png,0,-0.2,0
DiffusionEmotion_S_cropped/neutral/ttrxwqmy_0.png,0,0,0
DiffusionEmotion_S_cropped/neutral/tttttttt_0.png,0,-0.1,0
DiffusionEmotion_S_cropped/neutral/tvilewfl_0.png,0,-0.1,0
DiffusionEmotion_S_cropped/neutral/tzjheuev_0.png,0,0,0
DiffusionEmotion_S_cropped/neutral/ubjxviok_0.png,0,0,0
DiffusionEmotion_S_cropped/neutral/ucpoprwe_0.png,0,0,0
DiffusionEmotion_S_cropped/neutral/uebhszpa_0.png,0,0,0
DiffusionEmotion_S_cropped/neutral/ujczwabg_0.png,0,0,0
DiffusionEmotion_S_cropped/neutral/ukfwtxwd_0.png,0,0,0
DiffusionEmotion_S_cropped/neutral/ulmfczvd_0.png,0,0,0
DiffusionEmotion_S_cropped/neutral/uniuyjas_0.png,0,0,0
DiffusionEmotion_S_cropped/neutral/uriykxjr_0.png,0,0,0
DiffusionEmotion_S_cropped/neutral/uvyabush_0.png,0,-0.1,0
DiffusionEmotion_S_cropped/neutral/uwrwlabh_0.png,0,0,0
DiffusionEmotion_S_cropped/neutral/vazouxjn_0.png,0,0.1,0
DiffusionEmotion_S_cropped/neutral/vbnzovms_0.png,0,0,0
DiffusionEmotion_S_cropped/neutral/vfrgjetx_0.png,-0.1,0,0
DiffusionEmotion_S_cropped/neutral/vgcjpgdb_0.png,0,0.1,0
DiffusionEmotion_S_cropped/neutral/vijbowyy_0.png,0,0,0
DiffusionEmotion_S_cropped/neutral/vmhjasyb_0.png,-0.1,-0.1,0
DiffusionEmotion_S_cropped/neutral/voenibzf_0.png,-0.1,0.1,0
DiffusionEmotion_S_cropped/neutral/vrcmycgq_0.png,0,0,0
DiffusionEmotion_S_cropped/neutral/vreneajv_0.png,0,0,0
DiffusionEmotion_S_cropped/neutral/vsogciuy_0.png,0,0,0
DiffusionEmotion_S_cropped/neutral/vulzquof_0.png,-0.1,-0.1,0
DiffusionEmotion_S_cropped/neutral/vxozvaus_0.png,0,0,0
DiffusionEmotion_S_cropped/neutral/wacqafot_0.png,0.2,0.1,0
DiffusionEmotion_S_cropped/neutral/wdrgqgjd_0.png,0,0,0
DiffusionEmotion_S_cropped/neutral/weiblaox_0.png,0,-0.1,0
DiffusionEmotion_S_cropped/neutral/weutgjer_0.png,0,0,0
DiffusionEmotion_S_cropped/neutral/wfyonili_0.png,0,0,0
DiffusionEmotion_S_cropped/neutral/wiizhjed_0.png,-0.1,-0.1,0
DiffusionEmotion_S_cropped/neutral/wmayiigl_0.png,0,-0.1,0
DiffusionEmotion_S_cropped/neutral/wndbftzw_0.png,0,-0.1,0
DiffusionEmotion_S_cropped/neutral/wnfmpnsv_0.png,0,0,0
DiffusionEmotion_S_cropped/neutral/wpkiiodp_0.png,0,0,0
DiffusionEmotion_S_cropped/neutral/wwaqnlea_0.png,0,0,0
DiffusionEmotion_S_cropped/neutral/wwweshdp_0.png,0,0,0
DiffusionEmotion_S_cropped/neutral/wwwswobp_0.png,0,0,0
DiffusionEmotion_S_cropped/neutral/wypanqsb_0.png,0.2,0.1,0
DiffusionEmotion_S_cropped/neutral/wzlanwgt_0.png,0,0,0
DiffusionEmotion_S_cropped/neutral/xbmgiczv_0.png,0,0.2,0
DiffusionEmotion_S_cropped/neutral/xccqqjvi_0.png,0,0,0
DiffusionEmotion_S_cropped/neutral/xgrlcmag_0.png,0,0,0
DiffusionEmotion_S_cropped/neutral/xjrgrgqx_0.png,0,0,0
DiffusionEmotion_S_cropped/neutral/xlaneczc_0.png,0,0,0
DiffusionEmotion_S_cropped/neutral/xltkkwzc_0.png,-0.2,0,0
DiffusionEmotion_S_cropped/neutral/xlxwtoio_0.png,-0.1,0,0
DiffusionEmotion_S_cropped/neutral/xndryolj_0.png,0,-0.2,0
DiffusionEmotion_S_cropped/neutral/xoydnksb_0.png,0,0,0
DiffusionEmotion_S_cropped/neutral/xrwwerfx_0.png,0.1,0,0
DiffusionEmotion_S_cropped/neutral/xwzestoy_0.png,-0.1,0,0
DiffusionEmotion_S_cropped/neutral/xxpncbeo_0.png,-0.1,0.2,0
DiffusionEmotion_S_cropped/neutral/xxvwmhpc_0.png,0,0.1,0
DiffusionEmotion_S_cropped/neutral/yamlmzkw_0.png,0,0,0
DiffusionEmotion_S_cropped/neutral/ybkibkcb_0.png,0,0,0
DiffusionEmotion_S_cropped/neutral/ychkiagg_0.png,0,0,0
DiffusionEmotion_S_cropped/neutral/yckklgnf_0.png,0,0,0
DiffusionEmotion_S_cropped/neutral/yenytbfx_0.png,0,0.1,0
DiffusionEmotion_S_cropped/neutral/ygoyktyx_0.png,0,0,0
DiffusionEmotion_S_cropped/neutral/ykuxsuec_0.png,0,-0.1,0
DiffusionEmotion_S_cropped/neutral/ylwerygl_0.png,0,0,0
DiffusionEmotion_S_cropped/neutral/yotvnwxc_0.png,0,0,0
DiffusionEmotion_S_cropped/neutral/ypdakluv_0.png,0,0,0
DiffusionEmotion_S_cropped/neutral/ysqkgmri_0.png,0,0,0
DiffusionEmotion_S_cropped/neutral/yttqexgn_0.png,0,0.1,0
DiffusionEmotion_S_cropped/neutral/ywqwrkym_0.png,0,0.2,0
DiffusionEmotion_S_cropped/neutral/yzzgyrxa_0.png,-0.1,0,0
DiffusionEmotion_S_cropped/neutral/zcyabiss_0.png,0,0,0
DiffusionEmotion_S_cropped/neutral/zisjbwht_0.png,0,0,0
DiffusionEmotion_S_cropped/neutral/zmznqynj_0.png,0,0,0
DiffusionEmotion_S_cropped/neutral/zncwcdny_0.png,0,0,0
DiffusionEmotion_S_cropped/neutral/zoakdolm_0.png,0,0.1,0
DiffusionEmotion_S_cropped/neutral/zpfblozn_0.png,0,0.1,0
DiffusionEmotion_S_cropped/neutral/zplnrmde_0.png,0,0,0
DiffusionEmotion_S_cropped/neutral/zpqpigjm_0.png,0,0,0
DiffusionEmotion_S_cropped/neutral/zvzzrxho_0.png,0.1,0,0
DiffusionEmotion_S_cropped/neutral/zwjyxycm_0.png,-0.1,0.1,0
DiffusionEmotion_S_cropped/neutral/zwkxaafz_0.png,0,0,0
DiffusionEmotion_S_cropped/neutral/zxaniekp_0.png,0,0,0
DiffusionEmotion_S_cropped/happy/aajwceye_1.png,0.4,0.2,1
DiffusionEmotion_S_cropped/happy/aalkmnjk_1.png,0.4,0.4,1
DiffusionEmotion_S_cropped/happy/aeehboqf_0.png,0.3,0.1,1
DiffusionEmotion_S_cropped/happy/aftoahmv_1.png,0.3,0.2,1
DiffusionEmotion_S_cropped/happy/ahvsvhfy_1.png,0.2,0.1,1
DiffusionEmotion_S_cropped/happy/aipeotxm_1.png,0.5,0.4,1
DiffusionEmotion_S_cropped/happy/aiuobsui_1.png,0.3,0.3,1
DiffusionEmotion_S_cropped/happy/akgzzqey_1.png,0.4,0.3,1
DiffusionEmotion_S_cropped/happy/alskdjfl_1.png,0.4,0.6,1
DiffusionEmotion_S_cropped/happy/aqnmgmoy_1.png,0.3,0.2,1
DiffusionEmotion_S_cropped/happy/asdfddff_1.png,0.3,0.1,1
DiffusionEmotion_S_cropped/happy/asdsafgs_1.png,0.2,0,1
DiffusionEmotion_S_cropped/happy/atzesble_1.png,0.3,0.2,1
DiffusionEmotion_S_cropped/happy/auaacfsl_1.png,0.4,0.3,1
DiffusionEmotion_S_cropped/happy/auyogjhw_0.png,0.4,0.1,1
DiffusionEmotion_S_cropped/happy/avktnqtx_1.png,0.4,0.2,1
DiffusionEmotion_S_cropped/happy/avlxrinf_1.png,0.4,0.3,1
DiffusionEmotion_S_cropped/happy/bbjovjef_1.png,0.4,0.1,1
DiffusionEmotion_S_cropped/happy/bbvidyqj_1.png,0.3,0.1,1
DiffusionEmotion_S_cropped/happy/bcrwdlcr_1.png,0.4,0.2,1
DiffusionEmotion_S_cropped/happy/bdhxwlgm_1.png,0.5,0.3,1
DiffusionEmotion_S_cropped/happy/blksjbpb_1.png,0.4,0.3,1
DiffusionEmotion_S_cropped/happy/bmktgxva_1.png,0.4,0.4,1
DiffusionEmotion_S_cropped/happy/bmvruhls_1.png,0.4,0.1,1
DiffusionEmotion_S_cropped/happy/bnnwttib_1.png,0.4,0.3,1
DiffusionEmotion_S_cropped/happy/bqwywmiv_1.png,0.4,0.1,1
DiffusionEmotion_S_cropped/happy/brezeeio_1.png,0.4,0.2,1
DiffusionEmotion_S_cropped/happy/buhloauk_1.png,0.5,0.4,1
DiffusionEmotion_S_cropped/happy/bvhxxfla_1.png,0.4,0.2,1
DiffusionEmotion_S_cropped/happy/bxpbwdsx_1.png,0.4,0.3,1
DiffusionEmotion_S_cropped/happy/careipdm_1.png,0.4,0.3,1
DiffusionEmotion_S_cropped/happy/cbetqlon_1.png,0.4,0.2,1
DiffusionEmotion_S_cropped/happy/cetegxcz_1.png,0.4,0.1,1
DiffusionEmotion_S_cropped/happy/cipceofz_1.png,0.4,0.3,1
DiffusionEmotion_S_cropped/happy/ckiayxva_1.png,0.5,0.4,1
DiffusionEmotion_S_cropped/happy/cklsfaxz_1.png,0.5,0.3,1
DiffusionEmotion_S_cropped/happy/cngohjaf_1.png,0.6,0.5,1
DiffusionEmotion_S_cropped/happy/cpmqlydz_1.png,0.5,0.3,1
DiffusionEmotion_S_cropped/happy/crigspaf_1.png,0.4,0.3,1
DiffusionEmotion_S_cropped/happy/crxxtxts_1.png,0.4,0.3,1
DiffusionEmotion_S_cropped/happy/cyzjxyle_1.png,0.4,0.3,1
DiffusionEmotion_S_cropped/happy/czemeduq_1.png,0.4,0.2,1
DiffusionEmotion_S_cropped/happy/czkkqmhe_1.png,0.5,0.5,1
DiffusionEmotion_S_cropped/happy/dadtebwg_1.png,0.5,0.3,1
DiffusionEmotion_S_cropped/happy/dcbefxiw_1.png,0.4,0.1,1
DiffusionEmotion_S_cropped/happy/dfmtnxks_1.png,0.4,0.1,1
DiffusionEmotion_S_cropped/happy/dhomywby_1.png,0.4,0.3,1
DiffusionEmotion_S_cropped/happy/djvmjisw_1.png,0.5,0.5,1
DiffusionEmotion_S_cropped/happy/dkfnslkl_1.png,0.2,0.5,1
DiffusionEmotion_S_cropped/happy/dmiacheq_1.png,0.3,0.1,1
DiffusionEmotion_S_cropped/happy/dmujsuut_1.png,0.5,0.5,1
DiffusionEmotion_S_cropped/happy/dwqcmokb_1.png,0.4,0.3,1
DiffusionEmotion_S_cropped/happy/dydxkpxj_0.png,0.5,0.3,1
DiffusionEmotion_S_cropped/happy/dyxrhljc_1.png,0.3,0.1,1
DiffusionEmotion_S_cropped/happy/dzuxppzd_1.png,0.3,0.1,1
DiffusionEmotion_S_cropped/happy/eibfyndb_1.png,0.3,0.3,1
DiffusionEmotion_S_cropped/happy/eijvjtje_1.png,0.5,0.3,1
DiffusionEmotion_S_cropped/happy/eorcyjwo_1.png,0.4,0.3,1
DiffusionEmotion_S_cropped/happy/erwdxruk_1.png,0.4,0.3,1
DiffusionEmotion_S_cropped/happy/escvkdvo_1.png,0.4,0.1,1
DiffusionEmotion_S_cropped/happy/etdvxwhd_1.png,0.4,0.3,1
DiffusionEmotion_S_cropped/happy/etvpvvtl_1.png,0.6,0.3,1
DiffusionEmotion_S_cropped/happy/ezfsweiy_1.png,0.4,0.2,1
DiffusionEmotion_S_cropped/happy/fevulogi_1.png,0.5,0.3,1
DiffusionEmotion_S_cropped/happy/fgtwlbwx_1.png,0.4,0.3,1
DiffusionEmotion_S_cropped/happy/fhdjxycn_1.png,0.3,0.4,1
DiffusionEmotion_S_cropped/happy/fhncebgu_1.png,0.4,0.6,1
DiffusionEmotion_S_cropped/happy/fhuqchzg_1.png,0.4,0.4,1
DiffusionEmotion_S_cropped/happy/fijrwqtd_1.png,0.4,0.1,1
DiffusionEmotion_S_cropped/happy/fjdkrxff_1.png,0.4,0.4,1
DiffusionEmotion_S_cropped/happy/fjjzxsdg_1.png,0.4,0.1,1
DiffusionEmotion_S_cropped/happy/fjsmmfnw_1.png,0.4,0.2,1
DiffusionEmotion_S_cropped/happy/fkbkuvrs_0.png,0.4,0.3,1
DiffusionEmotion_S_cropped/happy/flkehbhg_1.png,0.4,0.3,1
DiffusionEmotion_S_cropped/happy/flsttapj_1.png,0.4,0.3,1
DiffusionEmotion_S_cropped/happy/fpvkuzmm_1.png,0.4,0.3,1
DiffusionEmotion_S_cropped/happy/fstkahjn_1.png,0.4,0.3,1
DiffusionEmotion_S_cropped/happy/fuqbkkcf_1.png,0.3,0.1,1
DiffusionEmotion_S_cropped/happy/fvhmbfad_1.png,0.4,0.4,1
DiffusionEmotion_S_cropped/happy/fwmshoxf_1.png,0.4,0.2,1
DiffusionEmotion_S_cropped/happy/fwtdjvrd_0.png,0.4,0.3,1
DiffusionEmotion_S_cropped/happy/fxcueuva_1.png,0.5,0.5,1
DiffusionEmotion_S_cropped/happy/gafsraep_1.png,0.5,0.4,1
DiffusionEmotion_S_cropped/happy/gcupmmsu_1.png,0.5,0.2,1
DiffusionEmotion_S_cropped/happy/gcycmbqo_1.png,0.4,0.1,1
DiffusionEmotion_S_cropped/happy/ghwaoxwf_1.png,0.3,0.2,1
DiffusionEmotion_S_cropped/happy/gjnblhty_1.png,0.4,0.3,1
DiffusionEmotion_S_cropped/happy/glprchut_1.png,0.4,0.1,1
DiffusionEmotion_S_cropped/happy/gngmhsey_1.png,0.3,0.3,1
DiffusionEmotion_S_cropped/happy/gniqmaeg_1.png,0.4,0.3,1
DiffusionEmotion_S_cropped/happy/gqaecyxe_1.png,0.5,0.5,1
DiffusionEmotion_S_cropped/happy/gryctrts_1.png,0.4,0.2,1
DiffusionEmotion_S_cropped/happy/gsbgenpx_0.png,0.4,0.3,1
DiffusionEmotion_S_cropped/happy/gtkxnwyb_1.png,0.3,0.2,1
DiffusionEmotion_S_cropped/happy/gutkrrek_1.png,0.3,0.1,1
DiffusionEmotion_S_cropped/happy/gvppuukr_1.png,0.3,0.2,1
DiffusionEmotion_S_cropped/happy/gyyzheun_1.png,0.4,0.2,1
DiffusionEmotion_S_cropped/happy/gzjorhri_1.png,0.3,0.1,1
DiffusionEmotion_S_cropped/happy/gzrvjyek_1.png,0.4,0.2,1
DiffusionEmotion_S_cropped/happy/habnugbq_0.png,0.3,0,1
DiffusionEmotion_S_cropped/happy/havhgqmp_1.png,0.3,0.2,1
DiffusionEmotion_S_cropped/happy/hdeoylyd_1.png,0.3,0.1,1
DiffusionEmotion_S_cropped/happy/hfqqgolh_1.png,0.4,0.2,1
DiffusionEmotion_S_cropped/happy/hiwplpep_1.png,0.4,0.4,1
DiffusionEmotion_S_cropped/happy/hjvbfxkt_1.png,0.4,0.3,1
DiffusionEmotion_S_cropped/happy/hkwrqtxb_1.png,0.3,0.1,1
DiffusionEmotion_S_cropped/happy/hlarssij_1.png,0.4,0.4,1
DiffusionEmotion_S_cropped/happy/hlxoqnqz_1.png,0.4,0.5,1
DiffusionEmotion_S_cropped/happy/hsnwuiwg_1.png,0.3,0.3,1
DiffusionEmotion_S_cropped/happy/hthmcezc_1.png,0.2,0.2,1
DiffusionEmotion_S_cropped/happy/hudjjjvd_1.png,0.3,0.3,1
DiffusionEmotion_S_cropped/happy/hudrodlq_1.png,0.4,0.1,1
DiffusionEmotion_S_cropped/happy/huihooik_1.png,0.5,0.2,1
DiffusionEmotion_S_cropped/happy/huyiqvnw_1.png,0.4,0.3,1
DiffusionEmotion_S_cropped/happy/hwnvzhpb_1.png,0.4,0.1,1
DiffusionEmotion_S_cropped/happy/hwpopblm_1.png,0.4,0.2,1
DiffusionEmotion_S_cropped/happy/hznmdalt_1.png,0.4,0.2,1
DiffusionEmotion_S_cropped/happy/icddbjao_1.png,0.4,0.1,1
DiffusionEmotion_S_cropped/happy/ifbecglv_1.png,0.2,0.3,1
DiffusionEmotion_S_cropped/happy/ifjwvobb_1.png,0.4,0.2,1
DiffusionEmotion_S_cropped/happy/ijmdbknt_1.png,0.5,0.4,1
DiffusionEmotion_S_cropped/happy/ilfmngxy_1.png,0.5,0.3,1
DiffusionEmotion_S_cropped/happy/imlddduk_1.png,0.5,0.3,1
DiffusionEmotion_S_cropped/happy/ipdjvfiu_1.png,0.5,0.3,1
DiffusionEmotion_S_cropped/happy/iqkxdzhd_1.png,0.1,0.3,1
DiffusionEmotion_S_cropped/happy/isoyfmug_1.png,0.4,0.1,1
DiffusionEmotion_S_cropped/happy/iwghcpwn_1.png,0.3,0.1,1
DiffusionEmotion_S_cropped/happy/ixxibyog_1.png,0.4,0.1,1
DiffusionEmotion_S_cropped/happy/jatbqron_1.png,0.4,0.4,1
DiffusionEmotion_S_cropped/happy/jewlfhur_1.png,0.5,0.4,1
DiffusionEmotion_S_cropped/happy/jkpxxisn_1.png,0.5,0.3,1
DiffusionEmotion_S_cropped/happy/jnejplfp_1.png,0.4,0.3,1
DiffusionEmotion_S_cropped/happy/jnmphuee_1.png,0.4,0.3,1
DiffusionEmotion_S_cropped/happy/jnoxzfff_1.png,0.4,0.1,1
DiffusionEmotion_S_cropped/happy/jtbtdjpv_1.png,0.5,0.4,1
DiffusionEmotion_S_cropped/happy/jtlrmjrl_1.png,0.5,0.4,1
DiffusionEmotion_S_cropped/happy/jtwmenme_1.png,0.3,0.2,1
DiffusionEmotion_S_cropped/happy/julzqtcp_1.png,0.3,0.3,1
DiffusionEmotion_S_cropped/happy/jxjhhiyn_0.png,0.4,0.3,1
DiffusionEmotion_S_cropped/happy/jxusxvoy_1.png,0.5,0.5,1
DiffusionEmotion_S_cropped/happy/kbpfithh_1.png,0.5,0.6,1
DiffusionEmotion_S_cropped/happy/kbshncaw_1.png,0.3,0.2,1
DiffusionEmotion_S_cropped/happy/kcqsxlsp_1.png,0.3,0.1,1
DiffusionEmotion_S_cropped/happy/kdczgcwz_0.png,0.4,0.4,1
DiffusionEmotion_S_cropped/happy/kdmbeykx_1.png,0.3,0.1,1
DiffusionEmotion_S_cropped/happy/kfrqufna_1.png,0.4,0.3,1
DiffusionEmotion_S_cropped/happy/khkwsmno_1.png,0.4,0.3,1
DiffusionEmotion_S_cropped/happy/kkwbcshx_1.png,0.4,0.1,1
DiffusionEmotion_S_cropped/happy/klnlknlk_1.png,0.1,0.6,1
DiffusionEmotion_S_cropped/happy/koiiyzbt_1.png,0.3,0.1,1
DiffusionEmotion_S_cropped/happy/krbiopfb_1.png,0.5,0.5,1
DiffusionEmotion_S_cropped/happy/kthtbfsh_0.png,0.2,0.2,1
DiffusionEmotion_S_cropped/happy/kuokyqxu_1.png,0.3,0.3,1
DiffusionEmotion_S_cropped/happy/kusbtmkf_1.png,0.6,0.6,1
DiffusionEmotion_S_cropped/happy/kvauyuav_1.png,0.3,0.1,1
DiffusionEmotion_S_cropped/happy/kvflnnjo_1.png,0.4,0.2,1
DiffusionEmotion_S_cropped/happy/kxdyoadq_1.png,0.4,0.1,1
DiffusionEmotion_S_cropped/happy/kxuwbylo_1.png,0.5,0.4,1
DiffusionEmotion_S_cropped/happy/lacnayjf_1.png,0.4,0.1,1
DiffusionEmotion_S_cropped/happy/lavermcg_0.png,0.5,0.5,1
DiffusionEmotion_S_cropped/happy/lbsvhtqw_1.png,0.5,0.3,1
DiffusionEmotion_S_cropped/happy/ldetdgxr_1.png,0.5,0.3,1
DiffusionEmotion_S_cropped/happy/lfyrrhdl_1.png,0.4,0.1,1
DiffusionEmotion_S_cropped/happy/lgqdknkr_1.png,0.4,0.1,1
DiffusionEmotion_S_cropped/happy/ltgkfhrv_1.png,0.4,0.3,1
DiffusionEmotion_S_cropped/happy/ltmbcpul_1.png,0.4,0.1,1
DiffusionEmotion_S_cropped/happy/mapxyxfn_1.png,0.5,0.5,1
DiffusionEmotion_S_cropped/happy/mcdcgsxy_1.png,0.5,0.5,1
DiffusionEmotion_S_cropped/happy/mfxctjzn_1.png,0.3,0.1,1
DiffusionEmotion_S_cropped/happy/mikjugwg_1.png,0.7,0.6,1
DiffusionEmotion_S_cropped/happy/mjvvmbqo_1.png,0.4,0.2,1
DiffusionEmotion_S_cropped/happy/mpkcugyf_1.png,0.4,0.1,1
DiffusionEmotion_S_cropped/happy/mpxudpaw_1.png,0.4,0.1,1
DiffusionEmotion_S_cropped/happy/mukuszwu_1.png,0,0,0
DiffusionEmotion_S_cropped/happy/muqxjkld_1.png,0.3,0.1,1
DiffusionEmotion_S_cropped/happy/nbnwkyti_1.png,0.5,0.4,1
DiffusionEmotion_S_cropped/happy/nfcreafa_1.png,0.4,0.3,1
DiffusionEmotion_S_cropped/happy/nhmvrtxp_1.png,0.3,0.1,1
DiffusionEmotion_S_cropped/happy/nibcfmil_1.png,0.4,0.2,1
DiffusionEmotion_S_cropped/happy/nimnwzrj_1.png,0.5,0.5,1
DiffusionEmotion_S_cropped/happy/niqqtdhj_1.png,0.5,0.5,1
DiffusionEmotion_S_cropped/happy/njatzhek_1.png,0.5,0.4,1
DiffusionEmotion_S_cropped/happy/njdiapll_1.png,0.4,0.3,1
DiffusionEmotion_S_cropped/happy/nkseeluv_1.png,0.4,0.4,1
DiffusionEmotion_S_cropped/happy/nlbaxdlp_1.png,0.4,0.5,1
DiffusionEmotion_S_cropped/happy/nnfoqmaj_1.png,0.5,0.5,1
DiffusionEmotion_S_cropped/happy/nouncfei_1.png,0.3,0.1,1
DiffusionEmotion_S_cropped/happy/noyanjev_1.png,0.3,0.2,1
DiffusionEmotion_S_cropped/happy/ntetaglu_1.png,0.4,0.2,1
DiffusionEmotion_S_cropped/happy/nuayuiju_1.png,0.5,0.3,1
DiffusionEmotion_S_cropped/happy/nuygbbtp_1.png,0.3,0.1,1
DiffusionEmotion_S_cropped/happy/nvyzzgcn_1.png,0.4,0.2,1
DiffusionEmotion_S_cropped/happy/nygojcfs_1.png,0.4,0.2,1
DiffusionEmotion_S_cropped/happy/ocinzdzz_1.png,0.3,0,1
DiffusionEmotion_S_cropped/happy/odtscvgz_1.png,0.3,0.2,1
DiffusionEmotion_S_cropped/happy/ofmyyhzx_1.png,0.3,0.2,1
DiffusionEmotion_S_cropped/happy/ogiyjceg_1.png,0.4,0.1,1
DiffusionEmotion_S_cropped/happy/oiclavcs_1.png,0.3,0.2,1
DiffusionEmotion_S_cropped/happy/oijoijpl_1.png,0.3,0.1,1
DiffusionEmotion_S_cropped/happy/ojshgfwx_1.png,0.5,0.3,1
DiffusionEmotion_S_cropped/happy/omejvjiz_1.png,0.4,0.1,1
DiffusionEmotion_S_cropped/happy/ontfrtqc_1.png,0.4,0.2,1
DiffusionEmotion_S_cropped/happy/oqpgxksp_1.png,0.4,0.1,1
DiffusionEmotion_S_cropped/happy/otftkele_1.png,0.4,0.3,1
DiffusionEmotion_S_cropped/happy/otyzwwki_1.png,0.4,0.4,1
DiffusionEmotion_S_cropped/happy/oucohlps_1.png,0.5,0.5,1
DiffusionEmotion_S_cropped/happy/ozufajib_1.png,0.5,0.3,1
DiffusionEmotion_S_cropped/happy/pceqrkzw_1.png,0.6,0.3,1
DiffusionEmotion_S_cropped/happy/petimtfx_1.png,0.3,0.3,1
DiffusionEmotion_S_cropped/happy/phfqwlyl_1.png,0.5,0.4,1
DiffusionEmotion_S_cropped/happy/pivohbxr_1.png,0.6,0.3,1
DiffusionEmotion_S_cropped/happy/pkvxtfer_1.png,0.7,0.7,1
DiffusionEmotion_S_cropped/happy/pnoqffnk_1.png,0.6,0.3,1
DiffusionEmotion_S_cropped/happy/ppvyippt_1.png,0.4,0.1,1
DiffusionEmotion_S_cropped/happy/pqopopop_1.png,0.7,0.7,1
DiffusionEmotion_S_cropped/happy/ptknpsmv_1.png,0.4,0.1,1
DiffusionEmotion_S_cropped/happy/ptlfbvem_1.png,0.4,0.2,1
DiffusionEmotion_S_cropped/happy/ptomisjs_1.png,0.3,0.1,1
DiffusionEmotion_S_cropped/happy/purqjhut_1.png,0.4,0.2,1
DiffusionEmotion_S_cropped/happy/pyayyvpp_1.png,0.5,0.3,1
DiffusionEmotion_S_cropped/happy/qassddff_1.png,0.5,0.3,1
DiffusionEmotion_S_cropped/happy/qbrvdkof_1.png,0.5,0.3,1
DiffusionEmotion_S_cropped/happy/qbvkcvxk_0.png,0.3,0.1,1
DiffusionEmotion_S_cropped/happy/qfwblbwe_1.png,0.4,0.4,1
DiffusionEmotion_S_cropped/happy/qhbmryvn_1.png,0.4,0.1,1
DiffusionEmotion_S_cropped/happy/qhdebqbz_1.png,0.4,0.2,1
DiffusionEmotion_S_cropped/happy/qksjdlfk_1.png,0.3,0.5,1
DiffusionEmotion_S_cropped/happy/qljfpzzd_1.png,0.5,0.5,1
DiffusionEmotion_S_cropped/happy/qmbvizmy_1.png,0.4,0.3,1
DiffusionEmotion_S_cropped/happy/qmcupgtu_1.png,0.4,0.2,1
DiffusionEmotion_S_cropped/happy/qoijlkjl_1.png,0.3,0.3,1
DiffusionEmotion_S_cropped/happy/qowvdpzd_1.png,0.6,0.6,1
DiffusionEmotion_S_cropped/happy/qqiibqvb_1.png,0.6,0.5,1
DiffusionEmotion_S_cropped/happy/qrtqisas_1.png,0.4,0.3,1
DiffusionEmotion_S_cropped/happy/qsdfasgs_1.png,0.3,0.1,1
DiffusionEmotion_S_cropped/happy/qsfdlkjl_1.png,0.1,0.4,1
DiffusionEmotion_S_cropped/happy/qthaozxu_1.png,0.5,0.5,1
DiffusionEmotion_S_cropped/happy/qtxdwevy_1.png,0.5,0.3,1
DiffusionEmotion_S_cropped/happy/radwjmpx_1.png,0.5,0.5,1
DiffusionEmotion_S_cropped/happy/rgsxumbd_1.png,0.7,0.7,1
DiffusionEmotion_S_cropped/happy/rgxvtxeo_1.png,0.6,0.5,1
DiffusionEmotion_S_cropped/happy/rgypesue_1.png,0.4,0.3,1
DiffusionEmotion_S_cropped/happy/riqxglgt_1.png,0.4,0.3,1
DiffusionEmotion_S_cropped/happy/rpnxvikj_1.png,0.6,0.3,1
DiffusionEmotion_S_cropped/happy/rsdqewoi_1.png,0.6,0.5,1
DiffusionEmotion_S_cropped/happy/rtxztskv_1.png,0.6,0.4,1
DiffusionEmotion_S_cropped/happy/rvxuithz_1.png,0.6,0.4,1
DiffusionEmotion_S_cropped/happy/sgzjgxpi_1.png,0.3,0.1,1
DiffusionEmotion_S_cropped/happy/skvciobh_1.png,0.5,0.3,1
DiffusionEmotion_S_cropped/happy/snamaazv_1.png,0.5,0.4,1
DiffusionEmotion_S_cropped/happy/sqbpknld_1.png,0.6,0.6,1
DiffusionEmotion_S_cropped/happy/ssdsltcp_1.png,0.4,0.1,1
DiffusionEmotion_S_cropped/happy/svtxmkvu_1.png,0.5,0.3,1
DiffusionEmotion_S_cropped/happy/swohmlcy_1.png,0.4,0.4,1
DiffusionEmotion_S_cropped/happy/syiwornq_1.png,0.4,0.3,1
DiffusionEmotion_S_cropped/happy/taeddmcl_1.png,0.6,0.7,1
DiffusionEmotion_S_cropped/happy/tciqcppk_1.png,0.3,0.1,1
DiffusionEmotion_S_cropped/happy/tdcfckkp_1.png,0.5,0.5,1
DiffusionEmotion_S_cropped/happy/texcvdgc_1.png,0.5,0.4,1
DiffusionEmotion_S_cropped/happy/tihzskzx_1.png,0.5,0.3,1
DiffusionEmotion_S_cropped/happy/tldtjgnj_1.png,0.5,0.4,1
DiffusionEmotion_S_cropped/happy/tlqzoqee_1.png,0.5,0.1,1
DiffusionEmotion_S_cropped/happy/tmdtjdle_1.png,0.5,0.4,1
DiffusionEmotion_S_cropped/happy/toklnxdj_1.png,0.3,0,1
DiffusionEmotion_S_cropped/happy/tplmgbxb_1.png,0.4,0.2,1
DiffusionEmotion_S_cropped/happy/tppqzfcg_1.png,0.4,0.1,1
DiffusionEmotion_S_cropped/happy/trxocusw_1.png,0.4,0.3,1
DiffusionEmotion_S_cropped/happy/ttyuihxm_1.png,0.4,0.3,1
DiffusionEmotion_S_cropped/happy/tuczvuux_0.png,0.4,0.3,1
DiffusionEmotion_S_cropped/happy/tvvsnspi_1.png,0.4,0.3,1
DiffusionEmotion_S_cropped/happy/tzfopnex_1.png,0.5,0.5,1
DiffusionEmotion_S_cropped/happy/tziddjmg_1.png,0.4,0.1,1
DiffusionEmotion_S_cropped/happy/tzncwtzm_1.png,0.6,0.6,1
DiffusionEmotion_S_cropped/happy/tzpzrlfk_1.png,0.4,0.3,1
DiffusionEmotion_S_cropped/happy/uapmlxbf_1.png,0.4,0.1,1
DiffusionEmotion_S_cropped/happy/uapoihac_1.png,0.4,0.4,1
DiffusionEmotion_S_cropped/happy/uaxswruw_1.png,0.4,0.3,1
DiffusionEmotion_S_cropped/happy/ucqrrtmk_1.png,0.4,0.2,1
DiffusionEmotion_S_cropped/happy/ukekaucj_1.png,0.4,0.1,1
DiffusionEmotion_S_cropped/happy/ulrjqyvo_1.png,0.5,0.4,1
DiffusionEmotion_S_cropped/happy/umyiofro_1.png,0.5,0.5,1
DiffusionEmotion_S_cropped/happy/urtvvbfa_1.png,0.4,0.2,1
DiffusionEmotion_S_cropped/happy/uuhhwwsd_1.png,0.4,0.3,1
DiffusionEmotion_S_cropped/happy/uvabdwen_1.png,0.3,0.1,1
DiffusionEmotion_S_cropped/happy/uwuqdymn_1.png,0.3,0.1,1
DiffusionEmotion_S_cropped/happy/uwxkiizk_1.png,0.5,0.4,1
DiffusionEmotion_S_cropped/happy/uxxkvrpl_0.png,0.4,0.3,1
DiffusionEmotion_S_cropped/happy/uyqjuznq_1.png,0.4,0.4,1
DiffusionEmotion_S_cropped/happy/vduzmrdl_0.png,0.5,0.1,1
DiffusionEmotion_S_cropped/happy/vekoqvcg_1.png,0.3,0.1,1
DiffusionEmotion_S_cropped/happy/vgsgdccn_1.png,0.3,0.1,1
DiffusionEmotion_S_cropped/happy/vhsdkqht_1.png,0.3,0.2,1
DiffusionEmotion_S_cropped/happy/vlpbtswe_1.png,0.4,0.4,1
DiffusionEmotion_S_cropped/happy/vnnndvea_1.png,0.5,0.4,1
DiffusionEmotion_S_cropped/happy/vnyjuqrm_0.png,0.5,0.2,1
DiffusionEmotion_S_cropped/happy/vodveziq_1.png,0.5,0.3,1
DiffusionEmotion_S_cropped/happy/vprjrejz_1.png,0.4,0.1,1
DiffusionEmotion_S_cropped/happy/vslacatp_1.png,0.4,0.3,1
DiffusionEmotion_S_cropped/happy/vtgvoxcu_1.png,0.4,0.4,1
DiffusionEmotion_S_cropped/happy/vvzcscwe_1.png,0.5,0.5,1
DiffusionEmotion_S_cropped/happy/vzhlfqfe_1.png,0.5,0.2,1
DiffusionEmotion_S_cropped/happy/weshehqz_1.png,0.5,0.4,1
DiffusionEmotion_S_cropped/happy/wfjoqtws_1.png,0.5,0.6,1
DiffusionEmotion_S_cropped/happy/wgtwvtaa_1.png,0.5,0.2,1
DiffusionEmotion_S_cropped/happy/wjdmwbgh_1.png,0.6,0.5,1
DiffusionEmotion_S_cropped/happy/wjiwsidq_1.png,0.3,0.1,1
DiffusionEmotion_S_cropped/happy/woeyufyr_1.png,0.4,0.3,1
DiffusionEmotion_S_cropped/happy/wtnaocdh_1.png,0.4,0.1,1
DiffusionEmotion_S_cropped/happy/wuylpcdn_1.png,0.2,0,0
DiffusionEmotion_S_cropped/happy/wxabzoac_1.png,0.5,0.4,1
DiffusionEmotion_S_cropped/happy/wxhdmmfl_1.png,0.5,0.3,1
DiffusionEmotion_S_cropped/happy/xcbouyfl_1.png,0.5,0.3,1
DiffusionEmotion_S_cropped/happy/xdxphgfz_1.png,0.5,0.3,1
DiffusionEmotion_S_cropped/happy/xhhlyvqt_1.png,0.5,0.3,1
DiffusionEmotion_S_cropped/happy/xjmueonv_0.png,0.5,0.4,1
DiffusionEmotion_S_cropped/happy/xokcuqid_1.png,0.3,0,0
DiffusionEmotion_S_cropped/happy/xpsdszck_1.png,0.5,0.4,1
DiffusionEmotion_S_cropped/happy/xqiwznrb_1.png,0.5,0.3,1
DiffusionEmotion_S_cropped/happy/xromdsjh_1.png,0.4,0.2,1
DiffusionEmotion_S_cropped/happy/xsqrkgzo_1.png,0.4,0.1,1
DiffusionEmotion_S_cropped/happy/xtzgsbcq_1.png,0.5,0.3,1
DiffusionEmotion_S_cropped/happy/xyrrbatz_1.png,0.5,0.3,1
DiffusionEmotion_S_cropped/happy/xytacbib_1.png,0.5,0.4,1
DiffusionEmotion_S_cropped/happy/xzufumhm_1.png,0.4,0.1,1
DiffusionEmotion_S_cropped/happy/yienbcvx_1.png,0.4,0.2,1
DiffusionEmotion_S_cropped/happy/yiudirqw_1.png,0.4,0.3,1
DiffusionEmotion_S_cropped/happy/ykxalqmm_1.png,0.4,0.1,1
DiffusionEmotion_S_cropped/happy/ylnfoweh_1.png,0.5,0.4,1
DiffusionEmotion_S_cropped/happy/ynilzpvb_1.png,0.5,0.3,1
DiffusionEmotion_S_cropped/happy/yuyuwyxm_1.png,0.5,0.2,1
DiffusionEmotion_S_cropped/happy/yyuuwyqb_1.png,0.5,0.3,1
DiffusionEmotion_S_cropped/happy/yzmmtjpz_1.png,0.3,0.1,1
DiffusionEmotion_S_cropped/happy/yzyjxthk_1.png,0.4,0.1,1
DiffusionEmotion_S_cropped/happy/zdohojvf_1.png,0.6,0.6,1
DiffusionEmotion_S_cropped/happy/zgahspqz_1.png,0.4,0.1,1
DiffusionEmotion_S_cropped/happy/zidjcukp_1.png,0.4,0.1,1
DiffusionEmotion_S_cropped/happy/zktbpypy_1.png,0.5,0.4,1
DiffusionEmotion_S_cropped/happy/zohegskm_1.png,0.5,0.3,1
DiffusionEmotion_S_cropped/happy/zuvjdxns_1.png,0.5,0.3,1
DiffusionEmotion_S_cropped/happy/zwcrsfrs_1.png,0.5,0.1,1
DiffusionEmotion_S_cropped/happy/zzmfjgsq_1.png,0.4,0.3,1
DiffusionEmotion_S_cropped/sad/aeilinfy_2.png,-0.2,-0.1,2
DiffusionEmotion_S_cropped/sad/afznhpab_2.png,-0.2,-0.1,2
DiffusionEmotion_S_cropped/sad/bvntdzqu_2.png,-0.1,-0.1,2
DiffusionEmotion_S_cropped/sad/cdqfogby_2.png,-0.3,-0.1,2
DiffusionEmotion_S_cropped/sad/cndyrpdu_2.png,-0.2,-0.1,2
DiffusionEmotion_S_cropped/sad/csxxgjdz_2.png,-0.3,-0.1,2
DiffusionEmotion_S_cropped/sad/cuyqxoxd_2.png,-0.3,-0.2,2
DiffusionEmotion_S_cropped/sad/dnervwdx_2.png,-0.1,-0.1,2
DiffusionEmotion_S_cropped/sad/duddtbnu_2.png,-0.1,-0.1,2
DiffusionEmotion_S_cropped/sad/eeulhctj_2.png,-0.3,-0.2,2
DiffusionEmotion_S_cropped/sad/eplbsirf_2.png,-0.3,-0.3,2
DiffusionEmotion_S_cropped/sad/eqwtvrhb_2.png,-0.2,-0.1,2
DiffusionEmotion_S_cropped/sad/ewwvwaos_2.png,-0.2,-0.2,2
DiffusionEmotion_S_cropped/sad/eyefyhiy_2.png,-0.3,-0.3,2
DiffusionEmotion_S_cropped/sad/ezzelsds_2.png,-0.1,-0.1,2
DiffusionEmotion_S_cropped/sad/ffaxcllw_2.png,-0.2,-0.2,2
DiffusionEmotion_S_cropped/sad/fnsvcwih_2.png,-0.2,-0.2,2
DiffusionEmotion_S_cropped/sad/fombzuyo_2.png,-0.2,-0.1,2
DiffusionEmotion_S_cropped/sad/gkabzkph_2.png,-0.2,-0.1,2
DiffusionEmotion_S_cropped/sad/gpdmkkrw_2.png,-0.2,-0.1,2
DiffusionEmotion_S_cropped/sad/grifanin_2.png,-0.2,-0.1,2
DiffusionEmotion_S_cropped/sad/grxygkbq_2.png,-0.2,-0.2,2
DiffusionEmotion_S_cropped/sad/grzgrhmi_2.png,-0.1,-0.1,2
DiffusionEmotion_S_cropped/sad/hpumlopa_2.png,0,-0.1,2
DiffusionEmotion_S_cropped/sad/hydwgfyb_2.png,-0.1,0,2
DiffusionEmotion_S_cropped/sad/iiracepr_2.png,-0.2,-0.1,2
DiffusionEmotion_S_cropped/sad/iufxxcfc_2.png,-0.3,-0.1,2
DiffusionEmotion_S_cropped/sad/ixwfjxki_2.png,-0.1,-0.1,2
DiffusionEmotion_S_cropped/sad/jadguepe_2.png,-0.3,-0.1,2
DiffusionEmotion_S_cropped/sad/jfwuimqn_2.png,-0.4,-0.2,2
DiffusionEmotion_S_cropped/sad/jgihuaan_2.png,-0.1,-0.1,2
DiffusionEmotion_S_cropped/sad/jgxzvnam_2.png,-0.4,-0.1,2
DiffusionEmotion_S_cropped/sad/jhmztowv_2.png,-0.3,-0.1,2
DiffusionEmotion_S_cropped/sad/jsukccvo_2.png,-0.5,-0.3,2
DiffusionEmotion_S_cropped/sad/kfhwaapb_2.png,-0.1,0,2
DiffusionEmotion_S_cropped/sad/kigtlrxz_2.png,-0.2,-0.1,2
DiffusionEmotion_S_cropped/sad/lmwjmxgs_2.png,-0.4,-0.1,2
DiffusionEmotion_S_cropped/sad/lnljdcei_2.png,-0.3,-0.2,2
DiffusionEmotion_S_cropped/sad/mbpkukxf_2.png,-0.3,-0.2,2
DiffusionEmotion_S_cropped/sad/mdwklmfe_2.png,-0.2,-0.1,2
DiffusionEmotion_S_cropped/sad/mgmhewpi_2.png,-0.1,0,2
DiffusionEmotion_S_cropped/sad/mszjzndp_2.png,-0.2,0,2
DiffusionEmotion_S_cropped/sad/nmxvfgbt_2.png,-0.1,0,2
DiffusionEmotion_S_cropped/sad/otedctne_2.png,-0.3,-0.1,2
DiffusionEmotion_S_cropped/sad/pbtcbhfl_2.png,-0.3,-0.2,2
DiffusionEmotion_S_cropped/sad/pftrgkun_2.png,-0.4,-0.1,2
DiffusionEmotion_S_cropped/sad/pmlwscef_2.png,-0.3,-0.2,2
DiffusionEmotion_S_cropped/sad/qfjegtup_2.png,-0.1,-0.1,2
DiffusionEmotion_S_cropped/sad/qnswmqpk_2.png,-0.4,-0.3,2
DiffusionEmotion_S_cropped/sad/qovdggnh_2.png,-0.3,-0.2,2
DiffusionEmotion_S_cropped/sad/qrmsnthw_2.png,-0.2,-0.2,2
DiffusionEmotion_S_cropped/sad/rgqvowue_2.png,-0.3,-0.2,2
DiffusionEmotion_S_cropped/sad/saxysdrh_2.png,-0.1,-0.1,2
DiffusionEmotion_S_cropped/sad/sfsnvsyj_2.png,-0.1,-0.1,2
DiffusionEmotion_S_cropped/sad/sgivjcsr_2.png,0,0.1,0
DiffusionEmotion_S_cropped/sad/sortwxan_2.png,-0.3,-0.2,2
DiffusionEmotion_S_cropped/sad/tlzpswvk_2.png,-0.3,-0.2,2
DiffusionEmotion_S_cropped/sad/uagwnvpg_2.png,-0.2,-0.1,2
DiffusionEmotion_S_cropped/sad/ufkqxvyz_2.png,-0.2,-0.2,2
DiffusionEmotion_S_cropped/sad/uivaogcr_2.png,-0.3,-0.2,2
DiffusionEmotion_S_cropped/sad/ushhdbag_2.png,-0.2,-0.2,2
DiffusionEmotion_S_cropped/sad/vayjfjfk_2.png,-0.2,-0.2,2
DiffusionEmotion_S_cropped/sad/vciblzka_2.png,-0.3,-0.2,2
DiffusionEmotion_S_cropped/sad/voctnntz_2.png,-0.3,-0.2,2
DiffusionEmotion_S_cropped/sad/vpjzemhr_2.png,-0.1,-0.1,2
DiffusionEmotion_S_cropped/sad/vtjdzdoa_2.png,-0.1,-0.1,2
DiffusionEmotion_S_cropped/sad/vwmqtsqw_2.png,0,-0.1,2
DiffusionEmotion_S_cropped/sad/wewpsvyp_2.png,0,-0.1,2
DiffusionEmotion_S_cropped/sad/wfxekmwb_2.png,0,-0.1,2
DiffusionEmotion_S_cropped/sad/wiaqclfp_2.png,-0.2,-0.2,2
DiffusionEmotion_S_cropped/sad/xnyvrzsn_2.png,-0.1,-0.1,2
DiffusionEmotion_S_cropped/sad/xsvoqxft_2.png,-0.2,0.2,6
DiffusionEmotion_S_cropped/sad/xznzviul_2.png,-0.3,-0.1,2
DiffusionEmotion_S_cropped/sad/yahsdtpu_2.png,-0.2,-0.1,2
DiffusionEmotion_S_cropped/sad/yhekgsca_2.png,-0.2,-0.2,2
DiffusionEmotion_S_cropped/sad/yhfkplnp_2.png,0,-0.2,2
DiffusionEmotion_S_cropped/sad/yillenxw_2.png,-0.1,-0.2,2
DiffusionEmotion_S_cropped/sad/ysrartoc_2.png,-0.1,-0.1,2
DiffusionEmotion_S_cropped/sad/ywayfeex_2.png,0,-0.2,2
DiffusionEmotion_S_cropped/sad/zdsrugyt_2.png,-0.1,-0.2,2
DiffusionEmotion_S_cropped/sad/zwizkons_2.png,-0.2,-0.3,2
DiffusionEmotion_S_cropped/surprise/alzbfyrn_3.png,-0.1,0.5,3
DiffusionEmotion_S_cropped/surprise/amfjazwc_3.png,0,0.5,3
DiffusionEmotion_S_cropped/surprise/asddkkkk_3.png,-0.1,0.6,3
DiffusionEmotion_S_cropped/surprise/auuyxxvt_3.png,0,0.7,3
DiffusionEmotion_S_cropped/surprise/avecpiru_3.png,0,0.4,3
DiffusionEmotion_S_cropped/surprise/avsekeon_3.png,-0.1,0.5,3
DiffusionEmotion_S_cropped/surprise/bcwpwawf_3.png,-0.1,0.7,3
DiffusionEmotion_S_cropped/surprise/beuwlhgp_3.png,-0.1,0.7,3
DiffusionEmotion_S_cropped/surprise/bivnzzpr_3.png,-0.2,0.4,3
DiffusionEmotion_S_cropped/surprise/bkekueqj_3.png,0.2,0.5,3
DiffusionEmotion_S_cropped/surprise/bklrrowh_3.png,-0.5,0.6,3
DiffusionEmotion_S_cropped/surprise/bkmxzclj_3.png,0.3,0.6,3
DiffusionEmotion_S_cropped/surprise/bsjxotwe_3.png,0.2,0.5,3
DiffusionEmotion_S_cropped/surprise/buekzyny_3.png,0.1,0.4,3
DiffusionEmotion_S_cropped/surprise/bwuzxulb_3.png,0.1,0.6,3
DiffusionEmotion_S_cropped/surprise/bzwdkqpm_3.png,-0.3,0.5,3
DiffusionEmotion_S_cropped/surprise/cbpvlogk_3.png,-0.4,0.7,3
DiffusionEmotion_S_cropped/surprise/cbqhfqhg_3.png,-0.6,0.3,3
DiffusionEmotion_S_cropped/surprise/cpebixcq_3.png,-0.1,0.6,3
DiffusionEmotion_S_cropped/surprise/cpptpkcs_3.png,0,0.4,3
DiffusionEmotion_S_cropped/surprise/cqmcgtkn_3.png,-0.2,0.5,3
DiffusionEmotion_S_cropped/surprise/crskduzr_3.png,-0.1,0.5,3
DiffusionEmotion_S_cropped/surprise/cssfzosb_3.png,-0.1,0.5,3
DiffusionEmotion_S_cropped/surprise/ctpoagcc_3.png,0,0.3,3
DiffusionEmotion_S_cropped/surprise/cucduvud_3.png,0,0.4,3
DiffusionEmotion_S_cropped/surprise/curilaev_3.png,0,0.5,3
DiffusionEmotion_S_cropped/surprise/deaffvsj_3.png,-0.3,0.4,3
DiffusionEmotion_S_cropped/surprise/dykztjio_3.png,-0.3,0.6,3
DiffusionEmotion_S_cropped/surprise/ecjnqoew_3.png,-0.1,0.3,3
DiffusionEmotion_S_cropped/surprise/enynkzvu_3.png,0,0.4,3
DiffusionEmotion_S_cropped/surprise/eqtkxinb_3.png,0,0.6,3
DiffusionEmotion_S_cropped/surprise/etuaucnw_3.png,0,0.3,3
DiffusionEmotion_S_cropped/surprise/fbnnepzj_3.png,-0.6,0.2,6
DiffusionEmotion_S_cropped/surprise/fbptzhxc_3.png,0,0.6,3
DiffusionEmotion_S_cropped/surprise/ffmkwylx_3.png,0,0.5,3
DiffusionEmotion_S_cropped/surprise/fgwldimr_3.png,0.1,0.5,3
DiffusionEmotion_S_cropped/surprise/fidovzvn_3.png,0.1,0.7,3
DiffusionEmotion_S_cropped/surprise/fmmrehzs_3.png,0,0.7,3
DiffusionEmotion_S_cropped/surprise/fojuwvxh_3.png,0,0.3,3
DiffusionEmotion_S_cropped/surprise/fosyqjvl_3.png,0,0.3,3
DiffusionEmotion_S_cropped/surprise/fpdfwzxf_3.png,0,0.5,3
DiffusionEmotion_S_cropped/surprise/fttytjgc_3.png,-0.1,0.4,3
DiffusionEmotion_S_cropped/surprise/fvfggxiy_3.png,0.2,0.9,3
DiffusionEmotion_S_cropped/surprise/gcboqery_3.png,-0.3,0.4,4
DiffusionEmotion_S_cropped/surprise/gfnpkwxe_3.png,-0.1,0.3,3
DiffusionEmotion_S_cropped/surprise/glbqyhml_3.png,0,0.3,3
DiffusionEmotion_S_cropped/surprise/gqwnasgj_3.png,0,0.6,3
DiffusionEmotion_S_cropped/surprise/grkjwefc_3.png,0,0.4,3
DiffusionEmotion_S_cropped/surprise/gtyrlgol_3.png,0,0.3,3
DiffusionEmotion_S_cropped/surprise/gziqarnc_3.png,-0.4,0.7,3
DiffusionEmotion_S_cropped/surprise/hapwqcda_3.png,-0.2,0.5,3
DiffusionEmotion_S_cropped/surprise/hfwkkfpg_3.png,-0.2,0.5,3
DiffusionEmotion_S_cropped/surprise/hieahzzk_3.png,0,0.4,3
DiffusionEmotion_S_cropped/surprise/hvvhokdj_3.png,0.1,0.6,3
DiffusionEmotion_S_cropped/surprise/hyclcjlg_3.png,0,0.5,3
DiffusionEmotion_S_cropped/surprise/ianrmtjf_3.png,-0.2,0.4,3
DiffusionEmotion_S_cropped/surprise/iexurwzw_3.png,-0.5,0.4,4
DiffusionEmotion_S_cropped/surprise/ijcmmkjn_3.png,0,0.7,3
DiffusionEmotion_S_cropped/surprise/ijfccqwc_3.png,0,0.3,3
DiffusionEmotion_S_cropped/surprise/ikagsbaw_3.png,-0.2,0.3,3
DiffusionEmotion_S_cropped/surprise/inomhdtg_3.png,-0.1,0.5,3
DiffusionEmotion_S_cropped/surprise/iponvfjz_3.png,0,0.6,3
DiffusionEmotion_S_cropped/surprise/ivahghxd_3.png,-0.1,0.2,0
DiffusionEmotion_S_cropped/surprise/iztyxovw_3.png,-0.2,0.4,3
DiffusionEmotion_S_cropped/surprise/jckxpyit_3.png,-0.2,0.4,3
DiffusionEmotion_S_cropped/surprise/jfshkmoo_3.png,0,0.6,3
DiffusionEmotion_S_cropped/surprise/jilfioqc_3.png,0,0.7,3
DiffusionEmotion_S_cropped/surprise/jiqlojlk_3.png,-0.3,0.7,3
DiffusionEmotion_S_cropped/surprise/jkymhsba_3.png,0,0.5,3
DiffusionEmotion_S_cropped/surprise/juumlgcg_3.png,-0.1,0.6,3
DiffusionEmotion_S_cropped/surprise/keawnuue_3.png,-0.3,0.6,3
DiffusionEmotion_S_cropped/surprise/kgtumkmk_3.png,-0.5,0.5,6
DiffusionEmotion_S_cropped/surprise/khcaglme_3.png,0,0.3,0
DiffusionEmotion_S_cropped/surprise/kjcgbigd_3.png,-0.1,0.7,3
DiffusionEmotion_S_cropped/surprise/kooxxdus_3.png,-0.1,0.6,3
DiffusionEmotion_S_cropped/surprise/krkdzfwb_3.png,-0.2,0.6,3
DiffusionEmotion_S_cropped/surprise/krmeebtm_3.png,0.1,0.4,3
DiffusionEmotion_S_cropped/surprise/kwdnynbw_3.png,0.3,0.4,3
DiffusionEmotion_S_cropped/surprise/kwgamqip_3.png,0.2,0.5,3
DiffusionEmotion_S_cropped/surprise/kwpgurun_3.png,0.3,0.8,3
DiffusionEmotion_S_cropped/surprise/kzxuimde_3.png,-0.5,0.8,3
DiffusionEmotion_S_cropped/surprise/lfqyocvm_3.png,-0.3,0.7,3
DiffusionEmotion_S_cropped/surprise/ljgoepod_3.png,0.1,0.8,3
DiffusionEmotion_S_cropped/surprise/lkjllknl_3.png,0.1,0.7,3
DiffusionEmotion_S_cropped/surprise/lpgwagtq_3.png,-0.1,0.8,3
DiffusionEmotion_S_cropped/surprise/lpnppuzx_3.png,-0.3,0.5,3
DiffusionEmotion_S_cropped/surprise/lskfkqzy_3.png,-0.3,0.4,3
DiffusionEmotion_S_cropped/surprise/ltxrygiq_3.png,0.3,0.6,3
DiffusionEmotion_S_cropped/surprise/lwgbuejj_3.png,-0.2,0.5,3
DiffusionEmotion_S_cropped/surprise/lwtqowhb_3.png,-0.5,0.4,3
DiffusionEmotion_S_cropped/surprise/melvpral_3.png,0.1,0.7,3
DiffusionEmotion_S_cropped/surprise/mgkswpus_3.png,0,0.7,3
DiffusionEmotion_S_cropped/surprise/mrmgfmqw_3.png,0,0.6,3
DiffusionEmotion_S_cropped/surprise/mscluefn_3.png,0.1,0.7,3
DiffusionEmotion_S_cropped/surprise/mvjwqqsb_3.png,-0.1,0.5,3
DiffusionEmotion_S_cropped/surprise/ohyqwrqa_3.png,-0.1,0.4,3
DiffusionEmotion_S_cropped/surprise/oijlkkklk_3.png,-0.3,0.7,3
DiffusionEmotion_S_cropped/surprise/ojnvzpri_3.png,-0.3,0.3,6
DiffusionEmotion_S_cropped/surprise/omktdwml_3.png,0.1,0.4,3
DiffusionEmotion_S_cropped/surprise/omrtvyzf_3.png,0.1,0.5,3
DiffusionEmotion_S_cropped/surprise/oudecgun_3.png,-0.1,0.5,3
DiffusionEmotion_S_cropped/surprise/oxwqjvdd_3.png,-0.4,0.5,6
DiffusionEmotion_S_cropped/surprise/oyockomk_3.png,-0.3,0.6,6
DiffusionEmotion_S_cropped/surprise/pceskzjd_3.png,-0.2,0.4,3
DiffusionEmotion_S_cropped/surprise/pfcosrvf_3.png,-0.3,0.4,4
DiffusionEmotion_S_cropped/surprise/pioxfrys_3.png,-0.2,0.4,6
DiffusionEmotion_S_cropped/surprise/pkmztkji_3.png,-0.3,0.4,6
DiffusionEmotion_S_cropped/surprise/pojoopop_3.png,-0.7,0.8,6
DiffusionEmotion_S_cropped/surprise/pyhsgdsn_3.png,-0.5,0.6,6
DiffusionEmotion_S_cropped/surprise/pynqjzzi_3.png,-0.1,0.8,3
DiffusionEmotion_S_cropped/surprise/qmhrfbrs_3.png,-0.2,0.6,3
DiffusionEmotion_S_cropped/surprise/qqiijjkk_3.png,-0.6,0.8,6
DiffusionEmotion_S_cropped/surprise/qrksgfai_3.png,-0.4,0.5,4
DiffusionEmotion_S_cropped/surprise/qtyjbezs_3.png,-0.3,0.4,4
DiffusionEmotion_S_cropped/surprise/qwertyup_3.png,0,0.5,3
DiffusionEmotion_S_cropped/surprise/qygiflqt_3.png,-0.1,0.5,3
DiffusionEmotion_S_cropped/surprise/rewhcssy_3.png,0,0.6,3
DiffusionEmotion_S_cropped/surprise/rgmlhbvw_3.png,0,0.3,0
DiffusionEmotion_S_cropped/surprise/rgndtxlx_3.png,0,0.6,3
DiffusionEmotion_S_cropped/surprise/rqjithwi_3.png,-0.4,0.6,6
DiffusionEmotion_S_cropped/surprise/rtetvbsu_3.png,0,0.5,3
DiffusionEmotion_S_cropped/surprise/rxfhxaaq_3.png,0,0.3,0
DiffusionEmotion_S_cropped/surprise/sbemdnkc_3.png,0,0.4,3
DiffusionEmotion_S_cropped/surprise/sdbpbtos_3.png,-0.3,0.6,6
DiffusionEmotion_S_cropped/surprise/sgorkxyg_3.png,-0.2,0.5,6
DiffusionEmotion_S_cropped/surprise/skdnmmkl_3.png,-0.3,0.6,6
DiffusionEmotion_S_cropped/surprise/somfbebt_3.png,0,0.7,3
DiffusionEmotion_S_cropped/surprise/svvoozzb_3.png,-0.3,0.5,3
DiffusionEmotion_S_cropped/surprise/tgobdiar_3.png,-0.2,0.4,6
DiffusionEmotion_S_cropped/surprise/tgrmiiav_3.png,0,-0.3,2
DiffusionEmotion_S_cropped/surprise/tjlazbbw_3.png,-0.1,0.3,3
DiffusionEmotion_S_cropped/surprise/tlmlnaih_3.png,-0.1,0.6,3
DiffusionEmotion_S_cropped/surprise/ugosqigx_3.png,-0.2,0.6,3
DiffusionEmotion_S_cropped/surprise/ugxoohbw_3.png,-0.1,0.3,3
DiffusionEmotion_S_cropped/surprise/unaezbnw_3.png,-0.2,0.4,3
DiffusionEmotion_S_cropped/surprise/unexedvn_3.png,-0.5,0.6,6
DiffusionEmotion_S_cropped/surprise/uoteepll_3.png,0,0.5,3
DiffusionEmotion_S_cropped/surprise/uqklnrjc_3.png,-0.5,0.6,6
DiffusionEmotion_S_cropped/surprise/utqrtafo_3.png,0.2,0.7,3
DiffusionEmotion_S_cropped/surprise/uurxhten_3.png,-0.6,0.6,6
DiffusionEmotion_S_cropped/surprise/uzxquryn_3.png,-0.4,0.4,6
DiffusionEmotion_S_cropped/surprise/vewglkky_3.png,-0.6,0.8,6
DiffusionEmotion_S_cropped/surprise/vqnamybe_3.png,0.4,0.7,6
DiffusionEmotion_S_cropped/surprise/vsmjhkyf_3.png,0,0.7,3
DiffusionEmotion_S_cropped/surprise/vssgwpqu_3.png,0,0.4,3
DiffusionEmotion_S_cropped/surprise/vxyxvpgs_3.png,0,0.7,3
DiffusionEmotion_S_cropped/surprise/vyoeclju_3.png,-0.3,0.4,6
DiffusionEmotion_S_cropped/surprise/vzqlrgey_3.png,-0.5,0.7,6
DiffusionEmotion_S_cropped/surprise/wbqvhjmb_3.png,-0.5,0.4,4
DiffusionEmotion_S_cropped/surprise/wceelbeh_3.png,0,0.2,0
DiffusionEmotion_S_cropped/surprise/wesebyfh_3.png,0,0.3,3
DiffusionEmotion_S_cropped/surprise/wfzukesp_3.png,-0.1,0.3,3
DiffusionEmotion_S_cropped/surprise/wgkyemdl_3.png,-0.3,0.6,6
DiffusionEmotion_S_cropped/surprise/whszdxnp_3.png,-0.4,0.3,6
DiffusionEmotion_S_cropped/surprise/wjjygjvj_3.png,0.2,0.6,3
DiffusionEmotion_S_cropped/surprise/wpyobftn_3.png,-0.1,0.7,3
DiffusionEmotion_S_cropped/surprise/wqkzqqvy_3.png,-0.4,0.7,6
DiffusionEmotion_S_cropped/surprise/wsilvbnt_3.png,-0.4,0.4,6
DiffusionEmotion_S_cropped/surprise/wwpjwdbv_3.png,-0.6,0.7,6
DiffusionEmotion_S_cropped/surprise/xbvehevn_3.png,-0.7,0.7,6
DiffusionEmotion_S_cropped/surprise/xdrsihdp_3.png,-0.4,0.4,6
DiffusionEmotion_S_cropped/surprise/xezvozit_3.png,-0.2,0.3,4
DiffusionEmotion_S_cropped/surprise/xidjondz_3.png,-0.4,0.4,6
DiffusionEmotion_S_cropped/surprise/xmrjcpkj_3.png,-0.3,0.2,3
DiffusionEmotion_S_cropped/surprise/xocrbdai_3.png,-0.6,0.4,4
DiffusionEmotion_S_cropped/surprise/xtbkzjyb_3.png,-0.5,0.4,6
DiffusionEmotion_S_cropped/surprise/xtltpsfm_3.png,-0.5,0.3,6
DiffusionEmotion_S_cropped/surprise/xumyjykg_3.png,-0.1,0.6,3
DiffusionEmotion_S_cropped/surprise/xztixvwt_3.png,-0.1,0.4,3
DiffusionEmotion_S_cropped/surprise/ygnqpqtx_3.png,-0.3,0.5,6
DiffusionEmotion_S_cropped/surprise/ykbwscmy_3.png,-0.6,0.7,6
DiffusionEmotion_S_cropped/surprise/ylnlhxup_3.png,-0.8,0.8,6
DiffusionEmotion_S_cropped/surprise/yqrimpns_3.png,-0.4,0.4,6
DiffusionEmotion_S_cropped/surprise/ywtripkc_3.png,-0.3,0.3,6
DiffusionEmotion_S_cropped/surprise/zafkhrga_3.png,-0.2,0.4,3
DiffusionEmotion_S_cropped/surprise/zbdbakqf_3.png,-0.3,0.8,3
DiffusionEmotion_S_cropped/surprise/zkaejuwl_3.png,-0.2,0.5,3
DiffusionEmotion_S_cropped/surprise/zoftjjst_3.png,-0.1,0.5,3
DiffusionEmotion_S_cropped/surprise/ztcoaext_3.png,0,0.5,3
DiffusionEmotion_S_cropped/surprise/zwotwatl_3.png,-0.3,0.6,6
DiffusionEmotion_S_cropped/surprise/zxdfghgg_3.png,-0.8,0.6,6
DiffusionEmotion_S_cropped/surprise/zzjhhvmc_3.png,0,0.5,3
DiffusionEmotion_S_cropped/fear/afmmkbmv_4.png,-0.1,0.3,4
DiffusionEmotion_S_cropped/fear/ajtuufvn_4.png,0,0,0
DiffusionEmotion_S_cropped/fear/ammtdcie_4.png,-0.6,0.3,4
DiffusionEmotion_S_cropped/fear/azdjnflr_4.png,-0.4,0.2,4
DiffusionEmotion_S_cropped/fear/btyqkxcl_4.png,-0.5,0.4,4
DiffusionEmotion_S_cropped/fear/clenjojo_4.png,-0.5,0.2,4
DiffusionEmotion_S_cropped/fear/czbedhbz_4.png,-0.4,0.3,4
DiffusionEmotion_S_cropped/fear/daeooohn_4.png,-0.4,0,4
DiffusionEmotion_S_cropped/fear/dbvsviiy_4.png,-0.5,0.3,4
DiffusionEmotion_S_cropped/fear/dgcaqtes_4.png,-0.2,0,4
DiffusionEmotion_S_cropped/fear/dhjzsbau_4.png,-0.3,0,4
DiffusionEmotion_S_cropped/fear/dhssmtlo_4.png,0,-0.1,0
DiffusionEmotion_S_cropped/fear/dlgnosdi_4.png,-0.4,0.4,4
DiffusionEmotion_S_cropped/fear/efgjacxg_4.png,-0.5,0.2,4
DiffusionEmotion_S_cropped/fear/evvxeiuw_4.png,-0.3,0,4
DiffusionEmotion_S_cropped/fear/exxtqpvs_4.png,0,-0.1,0
DiffusionEmotion_S_cropped/fear/fjdchksk_4.png,-0.3,0.1,4
DiffusionEmotion_S_cropped/fear/fkioonhe_4.png,-0.3,0.2,4
DiffusionEmotion_S_cropped/fear/fkqbgcxd_4.png,0,0,0
DiffusionEmotion_S_cropped/fear/fsypdekv_4.png,-0.5,0.3,4
DiffusionEmotion_S_cropped/fear/fumoytqb_4.png,-0.5,0.4,4
DiffusionEmotion_S_cropped/fear/gakfxtzi_4.png,0,0,0
DiffusionEmotion_S_cropped/fear/gbtennfy_4.png,-0.5,0.4,4
DiffusionEmotion_S_cropped/fear/gkocxvsy_4.png,-0.3,0,0
DiffusionEmotion_S_cropped/fear/gkyikczg_4.png,-0.5,0.2,4
DiffusionEmotion_S_cropped/fear/gmokrpzo_4.png,-0.6,0.1,4
DiffusionEmotion_S_cropped/fear/goxktaqb_4.png,-0.5,0.1,4
DiffusionEmotion_S_cropped/fear/gqtbiuyj_4.png,-0.6,0.1,4
DiffusionEmotion_S_cropped/fear/gwanfvtc_4.png,-0.3,0,4
DiffusionEmotion_S_cropped/fear/hbtaudoz_4.png,-0.4,0,4
DiffusionEmotion_S_cropped/fear/hlpvgfan_4.png,-0.3,0,4
DiffusionEmotion_S_cropped/fear/hqwvrptm_4.png,-0.2,0.3,4
DiffusionEmotion_S_cropped/fear/ibmxhcuo_4.png,0,0,0
DiffusionEmotion_S_cropped/fear/iimkbovt_4.png,0,0,0
DiffusionEmotion_S_cropped/fear/irdjryzs_4.png,0,0,0
DiffusionEmotion_S_cropped/fear/jfhjfvod_0.png,0,0,0
DiffusionEmotion_S_cropped/fear/labepwsw_4.png,-0.3,0.3,4
DiffusionEmotion_S_cropped/fear/lcwmdtvs_4.png,-0.2,0,4
DiffusionEmotion_S_cropped/fear/ldmjspuq_4.png,-0.1,0.4,3
DiffusionEmotion_S_cropped/fear/lmhjqwtk_4.png,-0.4,0,4
DiffusionEmotion_S_cropped/fear/lzhxemve_4.png,-0.4,0.2,4
DiffusionEmotion_S_cropped/fear/meiyobyj_4.png,-0.3,0,4
DiffusionEmotion_S_cropped/fear/mjpjalwd_4.png,-0.2,0,4
DiffusionEmotion_S_cropped/fear/naqtgror_4.png,-0.4,0.2,4
DiffusionEmotion_S_cropped/fear/ngvovohy_4.png,-0.5,0.2,4
DiffusionEmotion_S_cropped/fear/nvpbkild_4.png,-0.4,0.1,4
DiffusionEmotion_S_cropped/fear/nxdrnpnp_4.png,-0.4,0,4
DiffusionEmotion_S_cropped/fear/okrgnxcq_4.png,-0.4,0.3,4
DiffusionEmotion_S_cropped/fear/olkydrza_4.png,-0.3,0.5,4
DiffusionEmotion_S_cropped/fear/opapfkek_4.png,-0.3,0.5,4
DiffusionEmotion_S_cropped/fear/pdvvofpy_4.png,0,0,0
DiffusionEmotion_S_cropped/fear/popboqzp_4.png,0,0,0
DiffusionEmotion_S_cropped/fear/pspcplzx_4.png,0,0,0
DiffusionEmotion_S_cropped/fear/qhycvmkg_4.png,-0.5,0.5,4
DiffusionEmotion_S_cropped/fear/qofjqgzd_4.png,-0.3,0.5,4
DiffusionEmotion_S_cropped/fear/rahckqim_4.png,-0.3,0.4,4
DiffusionEmotion_S_cropped/fear/ruowisgn_4.png,-0.3,0.2,4
DiffusionEmotion_S_cropped/fear/sgnvqaog_4.png,-0.5,0.2,4
DiffusionEmotion_S_cropped/fear/smcsbniz_4.png,-0.6,0.2,4
DiffusionEmotion_S_cropped/fear/tasnkjwm_4.png,-0.5,0.2,4
DiffusionEmotion_S_cropped/fear/ufuclevf_4.png,-0.6,0.1,4
DiffusionEmotion_S_cropped/fear/ujcacmbh_4.png,-0.5,0.2,4
DiffusionEmotion_S_cropped/fear/ukaizipb_4.png,-0.3,0,4
DiffusionEmotion_S_cropped/fear/urutnprm_4.png,-0.3,0,4
DiffusionEmotion_S_cropped/fear/uvzygcar_4.png,-0.4,0.2,4
DiffusionEmotion_S_cropped/fear/vbvvpdxf_4.png,-0.5,0.5,4
DiffusionEmotion_S_cropped/fear/vfihrvrg_4.png,0,0.5,3
DiffusionEmotion_S_cropped/fear/vkdjxbnc_4.png,0,0.6,3
DiffusionEmotion_S_cropped/fear/wbvcxzoj_4.png,-0.4,0.3,4
DiffusionEmotion_S_cropped/fear/xurjmrkr_4.png,-0.4,0.3,4
DiffusionEmotion_S_cropped/fear/yfatfsqw_4.png,-0.4,0.2,4
DiffusionEmotion_S_cropped/fear/zilyiuwl_4.png,-0.5,0.2,4
DiffusionEmotion_S_cropped/disgust/ahdmclwl_5.png,0,0,0
DiffusionEmotion_S_cropped/disgust/berfdxkn_5.png,-0.5,0.3,6
DiffusionEmotion_S_cropped/disgust/btgjhynj_5.png,-0.2,0,0
DiffusionEmotion_S_cropped/disgust/bucdnkia_5.png,-0.6,0.5,6
DiffusionEmotion_S_cropped/disgust/bxiylnuw_5.png,-0.2,0,0
DiffusionEmotion_S_cropped/disgust/byvwcoer_5.png,-0.5,0,0
DiffusionEmotion_S_cropped/disgust/caxtwxim_5.png,-0.3,0,0
DiffusionEmotion_S_cropped/disgust/cenwzovc_5.png,-0.5,0.2,6
DiffusionEmotion_S_cropped/disgust/cewfzfuh_5.png,-0.6,0.5,6
DiffusionEmotion_S_cropped/disgust/cjdxeady_5.png,-0.7,0.4,6
DiffusionEmotion_S_cropped/disgust/cmmubymu_5.png,-0.4,0,0
DiffusionEmotion_S_cropped/disgust/crjjlbux_5.png,-0.3,0.4,4
DiffusionEmotion_S_cropped/disgust/dfngaqyu_5.png,0,0,0
DiffusionEmotion_S_cropped/disgust/dkgndkfj_5.png,-0.7,0.2,5
DiffusionEmotion_S_cropped/disgust/driqhfkm_5.png,-0.2,-0.1,0
DiffusionEmotion_S_cropped/disgust/drqaxgli_5.png,-0.3,-0.3,2
DiffusionEmotion_S_cropped/disgust/eatntmze_5.png,-0.2,0.6,3
DiffusionEmotion_S_cropped/disgust/efpevwxc_5.png,-0.4,0,5
DiffusionEmotion_S_cropped/disgust/eifjdkgn_5.png,-0.6,0.2,5
DiffusionEmotion_S_cropped/disgust/eiwosjdk_5.png,-0.6,0.1,5
DiffusionEmotion_S_cropped/disgust/ewxovpyu_5.png,-0.5,0.1,5
DiffusionEmotion_S_cropped/disgust/giyhskla_5.png,-0.5,0.1,5
DiffusionEmotion_S_cropped/disgust/gpqmawjo_5.png,-0.2,0,5
DiffusionEmotion_S_cropped/disgust/gwcaofmi_5.png,-0.5,0,5
DiffusionEmotion_S_cropped/disgust/gyqomgvd_5.png,-0.2,-0.2,2
DiffusionEmotion_S_cropped/disgust/hrvovytx_5.png,-0.6,0.4,6
DiffusionEmotion_S_cropped/disgust/hyjlafan_5.png,-0.5,0.2,6
DiffusionEmotion_S_cropped/disgust/iacqeiej_5.png,-0.6,0.2,5
DiffusionEmotion_S_cropped/disgust/ibxrnyso_5.png,-0.1,0,0
DiffusionEmotion_S_cropped/disgust/ierydzqw_5.png,0,0.5,3
DiffusionEmotion_S_cropped/disgust/ihpptwuq_5.png,-0.6,0.2,5
DiffusionEmotion_S_cropped/disgust/itfshygo_5.png,0,-0.2,2
DiffusionEmotion_S_cropped/disgust/jqcncmxy_5.png,-0.5,0.5,6
DiffusionEmotion_S_cropped/disgust/jxadmktw_5.png,-0.6,0.1,5
DiffusionEmotion_S_cropped/disgust/kfwydoki_5.png,-0.5,0.1,6
DiffusionEmotion_S_cropped/disgust/kmhfppqj_5.png,0.1,0.6,3
DiffusionEmotion_S_cropped/disgust/ldrdzvuu_5.png,-0.8,0.2,5
DiffusionEmotion_S_cropped/disgust/lkpjxjbm_5.png,-0.4,0.2,5
DiffusionEmotion_S_cropped/disgust/lozmqzzr_5.png,-0.5,0.3,5
DiffusionEmotion_S_cropped/disgust/lsvvtebh_5.png,-0.4,0.1,5
DiffusionEmotion_S_cropped/disgust/mkvyxwhz_5.png,-0.3,0.3,5
DiffusionEmotion_S_cropped/disgust/nhyxdhty_5.png,-0.6,0.1,5
DiffusionEmotion_S_cropped/disgust/nkaqvamt_5.png,-0.3,0.1,5
DiffusionEmotion_S_cropped/disgust/oenweyqf_5.png,-0.6,0.3,5
DiffusionEmotion_S_cropped/disgust/oqijknmk_5.png,-0.6,0.2,5
DiffusionEmotion_S_cropped/disgust/ovjnukad_5.png,0,0,0
DiffusionEmotion_S_cropped/disgust/pkibzvng_5.png,-0.6,0,5
DiffusionEmotion_S_cropped/disgust/plmknzcv_5.png,-0.4,0,5
DiffusionEmotion_S_cropped/disgust/plokjhnb_5.png,-0.3,0,5
DiffusionEmotion_S_cropped/disgust/poyghfam_5.png,-0.4,0,5
DiffusionEmotion_S_cropped/disgust/pqwjdnfm_5.png,-0.6,0.2,5
DiffusionEmotion_S_cropped/disgust/prbbsctc_5.png,-0.5,0.5,5
DiffusionEmotion_S_cropped/disgust/qifqzjlt_5.png,-0.6,0.5,5
DiffusionEmotion_S_cropped/disgust/qnagxlpw_5.png,0,0,0
DiffusionEmotion_S_cropped/disgust/qsfjdkla_5.png,-0.6,0.3,5
DiffusionEmotion_S_cropped/disgust/qwkfjsip_5.png,-0.5,0,5
DiffusionEmotion_S_cropped/disgust/qxghnbno_5.png,-0.4,0.2,5
DiffusionEmotion_S_cropped/disgust/raqkygyb_5.png,-0.2,0.6,3
DiffusionEmotion_S_cropped/disgust/rhsixrcv_5.png,-0.7,0.6,5
DiffusionEmotion_S_cropped/disgust/rmhmzyaj_5.png,0,0.6,3
DiffusionEmotion_S_cropped/disgust/rmpxztdq_5.png,0,0,0
DiffusionEmotion_S_cropped/disgust/rybwyqez_5.png,-0.2,0.1,5
DiffusionEmotion_S_cropped/disgust/sgeguwoj_5.png,-0.5,0.2,5
DiffusionEmotion_S_cropped/disgust/slgwrcgn_5.png,0,0.2,0
DiffusionEmotion_S_cropped/disgust/soaabcxm_5.png,-0.2,0,0
DiffusionEmotion_S_cropped/disgust/trnixglx_5.png,-0.2,0,0
DiffusionEmotion_S_cropped/disgust/uayynxyx_5.png,0,0,0
DiffusionEmotion_S_cropped/disgust/uhjxejjo_5.png,-0.3,0.1,5
DiffusionEmotion_S_cropped/disgust/unrhndex_5.png,-0.2,0,0
DiffusionEmotion_S_cropped/disgust/utjaixsg_5.png,-0.3,0,0
DiffusionEmotion_S_cropped/disgust/uxrohvye_5.png,-0.5,0.2,5
DiffusionEmotion_S_cropped/disgust/vcktkgwn_5.png,-0.6,0.3,5
DiffusionEmotion_S_cropped/disgust/vnthlgyu_5.png,-0.2,0.6,3
DiffusionEmotion_S_cropped/disgust/vylbokkz_5.png,-0.3,-0.2,2
DiffusionEmotion_S_cropped/disgust/vzesjbbl_5.png,-0.1,0,0
DiffusionEmotion_S_cropped/disgust/wdkmpoei_5.png,-0.4,0.2,5
DiffusionEmotion_S_cropped/disgust/wikmlrbh_5.png,-0.5,0.6,6
DiffusionEmotion_S_cropped/disgust/wlknhjhk_5.png,-0.7,0.7,6
DiffusionEmotion_S_cropped/disgust/wswpvoto_5.png,-0.4,0,5
DiffusionEmotion_S_cropped/disgust/wzztqoql_5.png,-0.5,0.2,5
DiffusionEmotion_S_cropped/disgust/xeavphbl_5.png,0,0,0
DiffusionEmotion_S_cropped/disgust/ybayjnlx_5.png,-0.4,0.2,4
DiffusionEmotion_S_cropped/disgust/ykcmdflq_5.png,-0.4,0.2,4
DiffusionEmotion_S_cropped/disgust/zgivjfsx_5.png,-0.2,0,0
DiffusionEmotion_S_cropped/disgust/zluqofnj_5.png,-0.2,0,5
DiffusionEmotion_S_cropped/disgust/ztgobxgk_5.png,-0.6,0.1,5
DiffusionEmotion_S_cropped/disgust/zttyuhka_5.png,-0.2,0.1,0
DiffusionEmotion_S_cropped/disgust/zuiapqcf_5.png,0,0.3,0
DiffusionEmotion_S_cropped/angry/aaaaaaaa_6.png,-0.8,0.9,6
DiffusionEmotion_S_cropped/angry/aawkxnwq_6.png,-0.5,0.2,6
DiffusionEmotion_S_cropped/angry/advjljth_6.png,-0.7,0.6,6
DiffusionEmotion_S_cropped/angry/afyyhcow_6.png,0,0.5,3
DiffusionEmotion_S_cropped/angry/amzejdso_6.png,-0.4,0.5,6
DiffusionEmotion_S_cropped/angry/andtcvhp_6.png,-0.2,0.5,6
DiffusionEmotion_S_cropped/angry/aqsmjmzh_6.png,-0.6,0.1,6
DiffusionEmotion_S_cropped/angry/aslknmnm_6.png,-0.3,0.6,6
DiffusionEmotion_S_cropped/angry/auegnaxc_6.png,0,0,0
DiffusionEmotion_S_cropped/angry/azikakjh_6.png,-0.6,0.4,6
DiffusionEmotion_S_cropped/angry/bbbbbbbb_6.png,-0.9,0.8,6
DiffusionEmotion_S_cropped/angry/bfsobsqq_6.png,-0.7,0.5,6
DiffusionEmotion_S_cropped/angry/bjaqkgtt_6.png,-0.5,0.3,6
DiffusionEmotion_S_cropped/angry/bqumbknm_6.png,-0.2,0.4,6
DiffusionEmotion_S_cropped/angry/cayljxzc_6.png,-0.3,0.5,6
DiffusionEmotion_S_cropped/angry/cbpbxhld_6.png,-0.4,0.6,6
DiffusionEmotion_S_cropped/angry/cjnqjund_6.png,-0.6,0.2,6
DiffusionEmotion_S_cropped/angry/daktemmq_6.png,-0.4,0,6
DiffusionEmotion_S_cropped/angry/daqasxqt_6.png,-0.6,0.7,6
DiffusionEmotion_S_cropped/angry/dbdmunql_6.png,-0.6,0.6,6
DiffusionEmotion_S_cropped/angry/dddddddd_6.png,-0.7,0.7,6
DiffusionEmotion_S_cropped/angry/dlqnfuhe_6.png,-0.8,0.9,6
DiffusionEmotion_S_cropped/angry/dpfmgrks_6.png,-0.7,0.5,6
DiffusionEmotion_S_cropped/angry/dxetvmdg_6.png,-0.7,0,6
DiffusionEmotion_S_cropped/angry/edkagdnv_6.png,-0.5,0.3,6
DiffusionEmotion_S_cropped/angry/efstbefh_6.png,-0.7,0.5,6
DiffusionEmotion_S_cropped/angry/ekdjgldk_6.png,-0.7,0.7,6
DiffusionEmotion_S_cropped/angry/enhvlrto_6.png,-0.7,0.5,6
DiffusionEmotion_S_cropped/angry/eqzopyva_6.png,-0.3,0.6,6
DiffusionEmotion_S_cropped/angry/erejzejf_6.png,-0.3,-0.2,2
DiffusionEmotion_S_cropped/angry/etgapztf_6.png,-0.6,0.8,6
DiffusionEmotion_S_cropped/angry/fcjnjthf_6.png,-0.8,0.6,6
DiffusionEmotion_S_cropped/angry/fckrphgz_6.png,-0.8,0.5,6
DiffusionEmotion_S_cropped/angry/fohpqsuv_6.png,-0.3,0.2,6
DiffusionEmotion_S_cropped/angry/fvmwdcgx_6.png,-0.7,0.2,6
DiffusionEmotion_S_cropped/angry/gbeslyfw_6.png,-0.3,0.5,6
DiffusionEmotion_S_cropped/angry/gfozfppn_6.png,-0.2,0.5,6
DiffusionEmotion_S_cropped/angry/gkasidqp_6.png,-0.9,0.9,6
DiffusionEmotion_S_cropped/angry/haapovkb_6.png,-0.2,0,0
DiffusionEmotion_S_cropped/angry/hcefsoyr_6.png,-0.2,0.2,0
DiffusionEmotion_S_cropped/angry/hddtkpjz_6.png,-0.5,0.3,6
DiffusionEmotion_S_cropped/angry/hfimvdaw_6.png,-0.3,0.6,6
DiffusionEmotion_S_cropped/angry/hpesavhc_6.png,-0.7,0.5,6
DiffusionEmotion_S_cropped/angry/hvfafkfu_6.png,-0.2,0.5,3
DiffusionEmotion_S_cropped/angry/iadkxdyw_6.png,-0.5,0.4,6
DiffusionEmotion_S_cropped/angry/ibicefdh_6.png,-0.3,0.5,6
DiffusionEmotion_S_cropped/angry/ifhtqjlg_6.png,-0.2,-0.2,2
DiffusionEmotion_S_cropped/angry/ijijoijo_6.png,-0.8,0.8,6
DiffusionEmotion_S_cropped/angry/ijknmbtd_6.png,-0.5,0.8,6
DiffusionEmotion_S_cropped/angry/ijoikokkk_6.png,-0.6,0.8,6
DiffusionEmotion_S_cropped/angry/ijokllkk_6.png,-0.9,1,6
DiffusionEmotion_S_cropped/angry/iskecayc_6.png,-0.6,0.2,6
DiffusionEmotion_S_cropped/angry/itthwraq_6.png,-0.5,0.6,6
DiffusionEmotion_S_cropped/angry/iucmfaay_6.png,-0.5,0.5,6
DiffusionEmotion_S_cropped/angry/jpxtqenm_6.png,0,0.4,3
DiffusionEmotion_S_cropped/angry/jrqecequ_6.png,-0.5,0.5,6
DiffusionEmotion_S_cropped/angry/jvcsglzc_6.png,-0.4,0.5,6
DiffusionEmotion_S_cropped/angry/kehgoqtf_6.png,-0.3,0.5,6
DiffusionEmotion_S_cropped/angry/kgygrpuj_6.png,-0.2,0.2,0
DiffusionEmotion_S_cropped/angry/kiksjruh_6.png,0,0.2,0
DiffusionEmotion_S_cropped/angry/kjlnammx_6.png,-0.7,0.8,6
DiffusionEmotion_S_cropped/angry/ksgkyswo_6.png,-0.6,0.3,5
DiffusionEmotion_S_cropped/angry/lbbclxdi_6.png,-0.3,0.3,6
DiffusionEmotion_S_cropped/angry/lcgcjnlr_6.png,0,0,0
DiffusionEmotion_S_cropped/angry/lkenkkli_6.png,-0.7,0.6,6
DiffusionEmotion_S_cropped/angry/lkknkhaa_6.png,-0.7,0.7,6
DiffusionEmotion_S_cropped/angry/llwbmpir_6.png,-0.7,0.2,5
DiffusionEmotion_S_cropped/angry/ltdbqyxl_6.png,-0.8,0.8,6
DiffusionEmotion_S_cropped/angry/lvjiluxj_6.png,-0.3,0.5,6
DiffusionEmotion_S_cropped/angry/lyotpuje_6.png,-0.3,0,0
DiffusionEmotion_S_cropped/angry/mdqsejgt_6.png,-0.3,-0.2,2
DiffusionEmotion_S_cropped/angry/mdzzspak_6.png,-0.7,0.5,6
DiffusionEmotion_S_cropped/angry/mfqjolns_6.png,-0.4,0.2,4
DiffusionEmotion_S_cropped/angry/mjkihthz_6.png,-0.4,0.2,4
DiffusionEmotion_S_cropped/angry/mjuoeoyf_6.png,-0.2,0,0
DiffusionEmotion_S_cropped/angry/mndhsqav_6.png,-0.3,0.3,6
DiffusionEmotion_S_cropped/angry/mrpkjlrj_6.png,-0.4,0.7,6
DiffusionEmotion_S_cropped/angry/mszswsaa_6.png,-0.6,0.5,6
DiffusionEmotion_S_cropped/angry/mxxflnvs_6.png,-0.8,0.8,6
DiffusionEmotion_S_cropped/angry/mzikfwup_6.png,0,0,0
DiffusionEmotion_S_cropped/angry/ncuzfxfo_6.png,-0.2,0.5,3
DiffusionEmotion_S_cropped/angry/nggqgmkx_6.png,-0.7,0.7,6
DiffusionEmotion_S_cropped/angry/niaizaui_6.png,-0.4,-0.3,2
DiffusionEmotion_S_cropped/angry/nivowqgk_6.png,-0.6,0.2,5
DiffusionEmotion_S_cropped/angry/nlbibpbd_6.png,-0.7,0.5,6
DiffusionEmotion_S_cropped/angry/nlhunkeq_6.png,0,0.2,0
DiffusionEmotion_S_cropped/angry/nmkkpqag_6.png,-0.5,0.5,6
DiffusionEmotion_S_cropped/angry/nnfzpwxh_6.png,-0.8,0.7,6
DiffusionEmotion_S_cropped/angry/nnwotpxb_6.png,-0.6,0.8,6
DiffusionEmotion_S_cropped/angry/nouprybs_6.png,-0.4,0.5,6
DiffusionEmotion_S_cropped/angry/nskzphca_6.png,-0.1,0.6,3
DiffusionEmotion_S_cropped/angry/nwjandkw_6.png,-0.7,0.4,6
DiffusionEmotion_S_cropped/angry/nyxwoazi_6.png,-0.2,0.4,3
DiffusionEmotion_S_cropped/angry/oayicbck_6.png,-0.5,0.4,6
DiffusionEmotion_S_cropped/angry/obxgsvri_6.png,-0.5,0.4,6
DiffusionEmotion_S_cropped/angry/odufbtqf_6.png,-0.7,0.4,6
DiffusionEmotion_S_cropped/angry/ofmwwhgw_6.png,-0.1,0.5,3
DiffusionEmotion_S_cropped/angry/ohpqurdq_6.png,-0.4,0.4,6
DiffusionEmotion_S_cropped/angry/omstmmot_6.png,-0.8,0.9,6
DiffusionEmotion_S_cropped/angry/ooiijkjl_6.png,-0.3,0.8,3
DiffusionEmotion_S_cropped/angry/ooooopoo_6.png,-0.5,0.8,6
DiffusionEmotion_S_cropped/angry/opfbfcjz_6.png,-0.6,0.2,5
DiffusionEmotion_S_cropped/angry/orzmiwzt_6.png,0,0.2,0
DiffusionEmotion_S_cropped/angry/owyrcnuw_6.png,0,0.3,0
DiffusionEmotion_S_cropped/angry/pffwcbbq_6.png,-0.3,0.5,6
DiffusionEmotion_S_cropped/angry/pfzyhgkf_6.png,-0.4,0.6,6
DiffusionEmotion_S_cropped/angry/phpxtbyz_6.png,-0.7,0.2,5
DiffusionEmotion_S_cropped/angry/pjazllyu_6.png,-0.1,0.6,3
DiffusionEmotion_S_cropped/angry/pjhpxeql_6.png,-0.7,0.8,6
DiffusionEmotion_S_cropped/angry/plllkkkkk_6.png,-0.3,0.8,6
DiffusionEmotion_S_cropped/angry/pogajkwy_6.png,-0.8,0.4,6
DiffusionEmotion_S_cropped/angry/poqlwmaq_6.png,-0.2,0.6,3
DiffusionEmotion_S_cropped/angry/pqpgavlf_6.png,0,0.4,3
DiffusionEmotion_S_cropped/angry/pqvdqlzb_6.png,-0.5,0.6,6
DiffusionEmotion_S_cropped/angry/psfsescl_6.png,-0.7,0.7,6
DiffusionEmotion_S_cropped/angry/pwxsuwuo_6.png,-0.6,0,5
DiffusionEmotion_S_cropped/angry/pxswopif_6.png,0,0.6,3
DiffusionEmotion_S_cropped/angry/qaaaaaaa_6.png,-0.8,0.7,6
DiffusionEmotion_S_cropped/angry/qasdfssk_6.png,-0.8,0.9,6
DiffusionEmotion_S_cropped/angry/qfbgdbwa_6.png,-0.8,0.7,6
DiffusionEmotion_S_cropped/angry/qqqqqqqq_6.png,-0.9,0.9,6
DiffusionEmotion_S_cropped/angry/qsppwfzj_6.png,0,0.2,0
DiffusionEmotion_S_cropped/angry/qwlljvoa_6.png,-0.6,0.8,3
DiffusionEmotion_S_cropped/angry/rbvgzbhg_6.png,-0.3,0.2,6
DiffusionEmotion_S_cropped/angry/rbxswmdz_6.png,0,0,0
DiffusionEmotion_S_cropped/angry/rllljesa_6.png,-0.2,0.4,3
DiffusionEmotion_S_cropped/angry/rmsnclox_6.png,-0.3,0.4,3
DiffusionEmotion_S_cropped/angry/rmulxejr_6.png,0,0.4,3
DiffusionEmotion_S_cropped/angry/rosednis_6.png,-0.5,0.3,4
DiffusionEmotion_S_cropped/angry/sbcfbaku_6.png,-0.2,0.4,4
DiffusionEmotion_S_cropped/angry/sdlkniio_6.png,-0.7,0.8,6
DiffusionEmotion_S_cropped/angry/sgidfyzm_6.png,-0.5,0.4,4
DiffusionEmotion_S_cropped/angry/ssssssss_6.png,-0.8,1,6
DiffusionEmotion_S_cropped/angry/susggkub_6.png,-0.8,0.8,6
DiffusionEmotion_S_cropped/angry/suuddgdv_6.png,0,0,0
DiffusionEmotion_S_cropped/angry/svtrvxvn_6.png,-0.7,0.4,6
DiffusionEmotion_S_cropped/angry/tbfslcdl_6.png,-0.5,0.7,6
DiffusionEmotion_S_cropped/angry/tbhxcbza_6.png,-0.4,0,5
DiffusionEmotion_S_cropped/angry/tdmnotza_6.png,-0.3,0,0
DiffusionEmotion_S_cropped/angry/teiecgvq_6.png,-0.2,0.5,3
DiffusionEmotion_S_cropped/angry/tlrnfwgj_6.png,-0.5,0.3,5
DiffusionEmotion_S_cropped/angry/trgaluan_6.png,-0.4,0.4,6
DiffusionEmotion_S_cropped/angry/ttcbwxpr_6.png,0,0.6,3
DiffusionEmotion_S_cropped/angry/ubczmndf_6.png,-0.4,0.3,6
DiffusionEmotion_S_cropped/angry/uczntuih_6.png,-0.6,0.3,4
DiffusionEmotion_S_cropped/angry/uczqqnun_6.png,-0.1,0.7,3
DiffusionEmotion_S_cropped/angry/unfbslwy_6.png,0,0.4,3
DiffusionEmotion_S_cropped/angry/uqkumpvt_6.png,0,0.3,3
DiffusionEmotion_S_cropped/angry/uuuuuuuu_6.png,-0.7,0.8,6
DiffusionEmotion_S_cropped/angry/uvxmtvoo_6.png,-0.6,0.4,5
DiffusionEmotion_S_cropped/angry/vcspnwua_6.png,0.1,0.7,3
DiffusionEmotion_S_cropped/angry/vrdctlwb_6.png,-0.2,0.4,3
DiffusionEmotion_S_cropped/angry/vuiyhrqg_6.png,-0.1,-0.1,0
DiffusionEmotion_S_cropped/angry/vzgheggd_6.png,-0.5,0.4,6
DiffusionEmotion_S_cropped/angry/wcelgxdt_6.png,-0.5,0,5
DiffusionEmotion_S_cropped/angry/wvnfmkrr_6.png,-0.6,0.4,5
DiffusionEmotion_S_cropped/angry/wycefwdw_6.png,-0.6,0.3,5
DiffusionEmotion_S_cropped/angry/wzfylrzb_6.png,-0.7,0.7,6
DiffusionEmotion_S_cropped/angry/xaoevfqa_6.png,0,0.3,3
DiffusionEmotion_S_cropped/angry/xeqhjgqj_6.png,-0.3,0,6
DiffusionEmotion_S_cropped/angry/xhdzkrft_6.png,-0.5,0.5,6
DiffusionEmotion_S_cropped/angry/xknfnaxg_6.png,-0.6,0.7,6
DiffusionEmotion_S_cropped/angry/xqbkxxlg_6.png,-0.3,0.5,3
DiffusionEmotion_S_cropped/angry/xsmdgsdz_6.png,0,0.3,3
DiffusionEmotion_S_cropped/angry/xutcrxeu_6.png,-0.6,0.5,3
DiffusionEmotion_S_cropped/angry/ydgdsdfp_6.png,-0.4,-0.1,2
DiffusionEmotion_S_cropped/angry/ydsjwlev_6.png,0,0,0
DiffusionEmotion_S_cropped/angry/yroedhrb_6.png,-0.3,0.2,6
DiffusionEmotion_S_cropped/angry/yrvfqgig_6.png,-0.3,0.3,6
DiffusionEmotion_S_cropped/angry/ytzkibmh_6.png,0,0.4,3
DiffusionEmotion_S_cropped/angry/yukggygi_6.png,-0.6,0.4,6
DiffusionEmotion_S_cropped/angry/yvfatixr_6.png,-0.4,0.6,6
DiffusionEmotion_S_cropped/angry/yyuijhnm_6.png,-0.6,0.5,6
DiffusionEmotion_S_cropped/angry/zdzxvhjb_6.png,-0.7,0.6,6
DiffusionEmotion_S_cropped/angry/znxzqwee_6.png,-0.7,0.2,6
DiffusionEmotion_S_cropped/angry/zoghefwq_6.png,-0.7,0.8,6
DiffusionEmotion_S_cropped/angry/zsjxfhcl_6.png,0,0.6,3
DiffusionEmotion_S_cropped/angry/zsnwtxlx_6.png,0,0.3,0
